establecimiento,razon_social,rubro
ADD CROPS S.A.,BARADERO 1,AGRICULTURA
ADD CROPS S.A.,BARADERO 2,AGRICULTURA
ADD CROPS S.A.,EL BUEN RETIRO,AGRICULTURA
AGRICOLA EL HORIZONTE S.A.,EL RELINCHO,AGRICULTURA
AGRICOLA EL HORIZONTE S.A.,EL HORIZONTE,AGRICULTURA
AGRO ROSSI S.H.,DON GISLENO,AGRICULTURA
AGRO ROSSI S.H.,ONELIA,AGRICULTURA
ALVAREZ ANA MARIA,EL PAMPA ORGANICO,FRUTICULTURA
ALVAREZ ANA MARIA,EL PAMPA ORGANICO,HORTICULTURA
ANIJG AGENCY S.A.,EL FORTIN,GANADERIA
ARBE JUAN LUCAS ,NATURAL PAMPA,FRUTICULTURA
ARBE JUAN LUCAS ,NATURAL PAMPA,HORTICULTURA
ARGENTINA SPECIALITY S.R.L.,LA MORENITA,FRUTICULTURA
ARGENTINA SPECIALITY S.R.L.,LA MORENITA,HORTICULTURA
AUTOSOL PARTS S.A.,SAN JOSE,FRUTICULTURA
AUTOSOL PARTS S.A.,SAN JOSE,HORTICULTURA
BANDERITAS S.A.,JUAN ALBERTO,AGRICULTURA
BANDERITAS S.A.,SANTA RITA,AGRICULTURA
BANDERITAS S.A.,LA COLORADA,AGRICULTURA
BANDERITAS S.A.,LA NELIDA,AGRICULTURA
BARRETO JORGE JAVIER,LOS ARANDANALES,FRUTICULTURA
BARRETO JORGE JAVIER,LOS ARANDANALES,HORTICULTURA
BERRIES PREMIUM SA,BERRIES PREMIUM,FRUTICULTURA
BERRIES PREMIUM SA,BERRIES PREMIUM,HORTICULTURA
BIANCHI FERNANDO LUIS,"""LA JULIA"" Y ""LA JULITA""",GANADERIA
BIOLIVE S.A.,EL PIAL,AGRICULTURA
BORCHARDT FRANCISCO,ORGANIC ORCHARD,FRUTICULTURA
BORCHARDT FRANCISCO,ORGANIC ORCHARD,HORTICULTURA
BUENA TIERRA SRL.,SANTA LUCIA,FRUTICULTURA
BUENA TIERRA SRL.,SANTA LUCIA,HORTICULTURA
CHACRA RUMFE SRL,CHACRA RUMFE,AGRICULTURA
CIDEL ORGANICA S.R.L.,QUINTA 462,HORTICULTURA
CIDEL ORGANICA SRL,LA ANUNCIACION QUINTA 2,HORTICULTURA
COOPERATIVA GRANJERA ENTRERIANA DE CHACRAS ORGANICAS LTDA.,EL SEÑUELO,GANADERIA
"CORDOBA, MIGUEL ANGEL",EL 48,AGRICULTURA
COSUFRUTOS SA,PUENTE VIEJO,FRUTICULTURA
DON ALEJO SA,LAUQUEN,AGRICULTURA
DON ALEJO SA,LA TAPERA,AGRICULTURA
DON JACINTO SAAYC,PILLAHUINCO,AGRICULTURA
EBERLING FELICIANO,LA AVENTURA,AGRICULTURA
EBERLING FELICIANO,LA QUEBRADA,AGRICULTURA
EDCO GRAINS S.A.,LA UNION,AGRICULTURA
EDCO GRAINS S.A.,LA ELVIRA,AGRICULTURA
EL CASERIO ORGANICO S.H.,MARIA ALBINA I  Y LA AMELIA,AGRICULTURA
EL KIWAL DE MACEDO S.A.,DON GUILLERMO,FRUTICULTURA
EL REFUGIO DE CARLOS S.A.,LOS TAMARISCOS (ANIMAL),GANADERIA
"ETCHEBEST, PEDRO GASTON",DOÑA FRANCISCA,FRUTICULTURA
FERRARI CRISTHIAN DANIEL,FERRARI,AGRICULTURA
GARAT ALBERTO ADOLFO,MI SUEÑO,AGRICULTURA
GARRIDO STELLA MARIS,LOS OSOS,GANADERIA
GILARDI SEBASTIAN,DON LUIS,AGRICULTURA
GIMAI SA,LA AMISTAD,HORTICULTURA
GONZALEZ ELVIO,VILLA BALLESTER,AGRICULTURA
GONZALEZ ELVIO,LAS CIEN,AGRICULTURA
GONZALEZ ELVIO,EX ARTEL,AGRICULTURA
GONZALEZ ZUGASTI ESTEBAN ANTONIO,PAITITI,AGRICULTURA
HUENU CRESTA Y MUTICIA CRESTA SH,CANDELA,GANADERIA
ILGNER ANGEL E. Y PRESA STELLA M.,LOTE 118 Y  LA ALICIA,AGRICULTURA
ILGNER HECTOR,LA GABRIELITA,AGRICULTURA
ILGNER OSCAR FELIPE,SAN AGUSTIN,HORTICULTURA
ILGNER RAUL ALBERTO,FRUTO DE LA FE,AGRICULTURA
ILGNER SEBASTIAN,LOS MEXICANOS,AGRICULTURA
INNOCENTI MONICA,KIWI Y CHAMPIGNON,FRUTICULTURA
INNOCENTI MONICA,KIWI Y CHAMPIGNON,HORTICULTURA
INTERRUPCION S.A.,LAS LOMAS,AGRICULTURA
"JAÑEZ, MARIA PILAR",EL CHARA,GANADERIA
KROHN ARNOLDO Y MARTIN LUIS ENRIQUE SH,EL SATELITE,AGRICULTURA
KROHN ARNOLDO Y MARTIN LUIS ENRIQUE SH,MARY YAN,AGRICULTURA
KUMAGRO S.A.,CAMPO ALVEAR,AGRICULTURA
HIGH DOOR S.A.,TALLO VERDE,FRUTICULTURA
HIGH DOOR S.A.,TALLO VERDE,HORTICULTURA
KUMAGRO S.A.,LOS PINOS,AGRICULTURA
KUMAGRO S.A.,LA LUCIA II,AGRICULTURA
KUMAGRO S.A.,MAC GRATH,AGRICULTURA
KUMAGRO S.A.,LOS PARAISOS,AGRICULTURA
KUMAGRO S.A.,LA BLANQUEADA,AGRICULTURA
KUMAGRO S.A.,OJEA,AGRICULTURA
LA CATALINA SCA,LA CATALINA ORGANICA,AGRICULTURA
LA CATALINA SCA,LA CATALINA ORGANICA,GANADERIA
LA VENTURA & ASOCIADOS S.A.,LA VENTURA Y LA MARIA SUR,GANADERIA
LAFONTAINE SILVIA ELENA,LA MADRECITA,AGRICULTURA
LAVANDAS DE LAS SIERRAS S.R.L.,EL PANTANOSO,AGRICULTURA
"LIMARDO, RAFAEL OSVALDO",LA SALADA,AGRICULTURA
"LIMARDO, RAFAEL OSVALDO",LA SALADA,GANADERIA
"LIN, SANTIAGO",SANTIAGO LIN,HORTICULTURA
LOVINAC S.A.,TRES MARIAS,GANADERIA
LUIS A. DUCRET Y CIA. S.A.,GARIBALDI,AGRICULTURA
LUIS A. DUCRET Y CIA. S.A.,EL PUESTO,AGRICULTURA
LUIS A. DUCRET Y CIA. S.A.,EL RADAR,AGRICULTURA
MAGADAN LOPEZ MAXIMO PEDRO,LA VENTURA - SANTA BENITA,APICULTURA
MAGADAN LOPEZ MAXIMO PEDRO,SANTA BENITA,GANADERIA
"MAZAIRA, GUILLERMO A.",CHACRA G Y K,AGRICULTURA
MICAELA ANDREA SASAKI,CULTIVOS ORGANICOS SASAKI,AGRICULTURA
MIRTA LOPEZ,REDONDEL,AGRICULTURA
MISKA SA,SAN LUIS,AGRICULTURA
MISKA SA,DON GREGORIO,AGRICULTURA
MISKA SA,BREIZH,AGRICULTURA
MISKA SA,LOS VERDES,AGRICULTURA
MISKA SA,CONSTANTIN,AGRICULTURA
MISKA SA,LOIZA,AGRICULTURA
MOA INTERNACIONAL A.C. DE FILOSOFIA Y CULTURA,ZUISENKIO DERQUI,HORTICULTURA
NEO ARGENTO SC,LAS TRES NENAS,AGRICULTURA
NOVICK PABLO HORACIO,EL CUADRO DEL VASCO,AGRICULTURA
NOVICK PABLO HORACIO,EL VASQUITO,AGRICULTURA
"PERASSO, EMILIO CESAR",LA AMELIA,AGRICULTURA
PETROAGRO S.A.,DON BENEDETTO,AGRICULTURA
PETROAGRO S.A.,SAN JUAN,AGRICULTURA
PETROAGRO S.A.,HURE,AGRICULTURA
PETROAGRO S.A.,LOS VASQUITOS,AGRICULTURA
PETROAGRO S.A.,SIVORI,AGRICULTURA
"PROVERBIO, JUAN MARIANO",LOTE 111,AGRICULTURA
"PROVERBIO, JUAN MARIANO","PROVERBIO, JUAN MARIANO",HORTICULTURA
PROVIDENCE SA,LA ISLA,AGRICULTURA
PROVIDENCE SA,LA ISLA,GANADERIA
RIVARA S.A.,LAS NUTRIAS,AGRICULTURA
RIVARA S.A.,LA MARTITA,AGRICULTURA
RIVARA S.A.,EL FORTIN Y LOS MEDANOS,AGRICULTURA
RIVARA S.A.,EL ROSARIO (MANUBI),AGRICULTURA
RIVARA S.A.,LA ADELINA,AGRICULTURA
RIVARA S.A.,10 DE JUNIO,AGRICULTURA
RIVARA S.A.,MAMA CAROLINA,AGRICULTURA
RIVARA S.A.,LA LUISA,AGRICULTURA
RODOLFO UNGARO Y CIA S.A.,ARMONIA - LAS 150 - EL MORO,GANADERIA
ROLAND MOHLE/CORINA KEYMER DE MOHLE,ROCO,FRUTICULTURA
ROLAND MOHLE/CORINA KEYMER DE MOHLE,ROCO,HORTICULTURA
"ROSSI, PILADE QUINTO",EL CHAPARRAL,AGRICULTURA
"ROSSI, PILADE QUINTO",LA ALCANCIA,AGRICULTURA
SASAKI NOOSAN SRL,SASAKI NOOSAN SRL,HORTICULTURA
SOYAPAMPA S.A.,EL REZONGO,AGRICULTURA
SOYAPAMPA SA,VIMANEMAR,AGRICULTURA
SOYAPAMPA SA,LAS MARIAS,AGRICULTURA
SOYAPAMPA SA,LA PICASA,AGRICULTURA
SOYAPAMPA SA,EL CARDALITO,AGRICULTURA
SOYAPAMPA SA,BUENA ESPERANZA,AGRICULTURA
TANDIL VACARA SRL,SAN MIGUEL,GANADERIA
TENAX S.A.,FINCA DON PEDRO,FRUTICULTURA
TENAX S.A.,FINCA DON PEDRO,HORTICULTURA
TESTONI VICTOR,ARCOS DEL INTI - PRODUCTOR,HORTICULTURA
"VEXENAT PABLO C., FONTENLA DIEGO A.(AGROINDECO SRL) Y GIACHETTI WALTER",PURO CAMPO,AGRICULTURA
VIRTUD SA,EL CICLON LOTE 1,AGRICULTURA
BUSTAMANTE LUIS,FINCAS DON ROGELIO,FRUTICULTURA
BUSTAMANTE LUIS,FINCAS DON ROGELIO,HORTICULTURA
FRUTOS DEL NORTE SA,FRUTOS DEL NORTE S.A.,FRUTICULTURA
LA BUENA VIDA S.R.L.,RIO SINGUIL,AGRICULTURA
LA BUENA VIDA S.R.L.,DON MIGUEL,AGRICULTURA
LA LUNA DE CATAMARCA SA,GRUPO AO,FRUTICULTURA
"LONGO, PASCUAL",PASCUAL LONGO,FRUTICULTURA
OLIVARES DE POMAN SA,COMPLEJO OLIVICOLA SAN JOSE,FRUTICULTURA
OLIVAS AL MUNDO S.A.,OLIVAS AL MUNDO (CAMPO),AGRICULTURA
AGRO PROFESIONAL SA,LOSITA,AGRICULTURA
CONOSUR FOODS ARGENTINA SRL,ROBLEDO,AGRICULTURA
DE ZARATE MARCOS SEBASTIAN,MARCOS DE ZARATE,HORTICULTURA
FOUNDATION RACHEL Y PAMELA SCHIELE,LAS DOS HERMANAS,AGRICULTURA
FOUNDATION RACHEL Y PAMELA SCHIELE,LAS DOS HERMANAS,GANADERIA
FRANCO BATAN Y ROSA SIGISMUNDI S.H.,BIO HONEY,APICULTURA
HUANQUI S.A.,ALTOS VERDES,AGRICULTURA
LA MECO S.R.L,LA PASCUALINA,FRUTICULTURA
LA MECO S.R.L,LA PASCUALINA,HORTICULTURA
MARIA ELVIRA SAGASTI,ARCA DEL SOL,AGRICULTURA
MARIA ELVIRA SAGASTI,ARCA DEL SOL,HORTICULTURA
OLIVARES Y VIÑEDOS SAN NICOLAS S.A.,OLIVARES Y VIÑEDOS SAN NICOLAS,FRUTICULTURA
OLIVARES Y VIÑEDOS SAN NICOLAS S.A.,OLIVARES Y VIÑEDOS SAN NICOLAS,HORTICULTURA
POSTEL SA,LAS GAVIOTAS,GANADERIA
PRONUT SRL,LA MORA,AGRICULTURA
RAFAGOS SA,LAS PALOMAS,AGRICULTURA
SARDI JOSE LUIS,COLMENARES ELCANO,APICULTURA
WELEDA S.A.,WELEDA,HORTICULTURA
ECA  SA,LA VICTORINA,FRUTICULTURA
FEYEN ROBERTO,MARIA ANGELICA,FRUTICULTURA
FEYEN ROBERTO,MARIA ANGELICA,HORTICULTURA
GONCALVEZ ARTURO ELIAS,ESTANCIA SANTA ANA,AGRICULTURA
GUIDOBONO JOSE MARIA,CAMPO AFUERA,AGRICULTURA
GUIDOBONO JOSE MARIA,TUNAS,AGRICULTURA
KITASAN S.A.,KITASAN,AGRICULTURA
RIGO MARQUES GILMAR,PIRAYU,AGRICULTURA
"RODRIGUEZ BASIGALUP , HECTOR M.",LIMONES DEL SOL 1 Y 2,FRUTICULTURA
BIO AGRICULTORES S.A.,CAMPO CHACO,FRUTICULTURA
BIO AGRICULTORES S.A.,CAMPO CHACO,HORTICULTURA
BIO AGRICULTORES S.A.,CAMPO PALOMO,FRUTICULTURA
BIO AGRICULTORES S.A.,CAMPO PALOMO,HORTICULTURA
CODUTTI DANIEL HUGO,CAMPO VALUSSI - CAMPO ROSSO,APICULTURA
DIAZ RAFAEL JAVIER,EL CHILCAL,AGRICULTURA
ECA S.A.,ZONA GRAL SAN MARTIN DE RECOLECCION SILVESTRE,FRUTICULTURA
FABIO J PAVON,COLMENARES DON DALMACIO,APICULTURA
GONZALEZ ROQUE O. Y COOPSOL LTDA.,APIARIO BF,APICULTURA
HOLGADO LEONCIO Y COOPSOL LTDA.,APIARIO BG,APICULTURA
RIMONDINO ENRIQUE,MIEL DE MONTE,APICULTURA
RODRIGUEZ ROSA A. Y COOPSOL LTDA.,APIARIO BI,APICULTURA
RUIZ ELVIO Y COOPSOL LTDA.,APIARIO BH,APICULTURA
14 DE ABRIL S.R.L.,LA LAURITA,GANADERIA
ANTONELLA TORRACA Y OTROS S.H.,SAN JOSE,GANADERIA
ANTONELLA TORRACA Y OTROS S.H.,EL FREDE,GANADERIA
BARDAS BLANCAS S.A.,DON JOSE,GANADERIA
COMINAGRO GANADERA S.A.,MALLIN NEVADO-LOS RURALES-RANCHO GDE.-LA BLANCA,GANADERIA
COMPANIA DE TIERRAS TECKA S.A.,TECKA,GANADERIA
COMPAÑIA DE TIERRAS SUD ARGENTINO SA,ESTANCIA MONTOSO,GANADERIA
CUADRADA PRODUCTIONS S.R.L.,BAJADA DEL RADAL,FRUTICULTURA
CUYEN SRL,CUYEN,FRUTICULTURA
CUYEN SRL ,CHACRA MICUCCI,FRUTICULTURA
EL REZONGO SH,RAGOBET (ANIMAL),GANADERIA
FUHRMANN S.A,LAS VIOLETAS,GANADERIA
FUHRMANN S.A,SOFIA,GANADERIA
FUHRMANN S.A,LA SUSANA,GANADERIA
GALLIA MARCO,SAN JORGE,GANADERIA
GANADERA VALLE HUEMULES S.A.,VALLE HUEMULES,GANADERIA
GARCIA SALVADOR O.,SAN GENARO,GANADERIA
GORDON MARY ANN Y RIBAYA EDUARDO SH,ELVIRA,GANADERIA
GUENGUEL S.R.L.,EL RELINCHO - LINDO PARAJE - EL PICADERO,GANADERIA
HIERBAS PATAGONICAS SRL,LA ASCENSION,FRUTICULTURA
IANNINI S.A.,EL PICHE - SAN AMBROSIO,GANADERIA
JUAN CARLOS PAGASARTUNDUA Y J.N.P SH,LA SALINA - SIERRA FRIA Y LA PELIGROSA,GANADERIA
JUAN MAZQUIARAN E HILDA VERDE SH,CAÑADON TACHO,GANADERIA
LA ALTURA SH,LA ALTURA,GANADERIA
LA ELISITA S.A.,LA ELISITA Y EL CHANGUITO,GANADERIA
"LOPEZ, CLAUDIA BEATRIZ",CBL,FRUTICULTURA
MAMINA SRL,ESTABLECIMIENTO MAMINA,FRUTICULTURA
MAZQUIARAN NELSON,LA ANGELITA (ANIMAL),GANADERIA
MOTTINO CARLOS ANGEL,LOS MANANTIALES (ANIMAL),GANADERIA
PARALELO 42  S.A.,VALLE DEL MEDIO,FRUTICULTURA
PARALELO 42  S.A.,VALLE DEL MEDIO,HORTICULTURA
PUNTA QUIROGA S.A.,DON FRANCISCO,GANADERIA
RAICES PATAGONICAS S.A.,EL MIRABUENO (ANIMAL),GANADERIA
ROSA PATAGONICA S.A.,ROSA PATAGONICA,RECOLECCION SILVESTRE
ROSANA N. PORCU,CAMINO VIEJO,FRUTICULTURA
SCHULZE HERNAN LEO,LAS MELLIZAS Y SECCION LA BUENA FE (ANIMAL),GANADERIA
SORIANO SACIFIA Y DE M,BAHIA BUSTAMANTE,FRUTICULTURA
SUCESORES DE RAMON LORENZO Y OTROS,LA NICOLASA,GANADERIA
TORRES FEDERICO PATRICIO,LAS TIJERAS,GANADERIA
VIÑAS MARIA TERESA,POZO HONDO (ANIMAL),GANADERIA
AGROYATAY S.R.L.,LA MARGARITA,AGRICULTURA
BOTTEGAL JUAN ANGEL Y BOTTEGAL JULIO CESAR S.H.,ZONA DE ISLAS ENTRE RIOS,APICULTURA
CAMAÑO JULIO,SAN ANTONIO,AGRICULTURA
CAMINOS DE JUSTO SA.,CAMINOS DE JUSTO,FRUTICULTURA
CAMINOS DE JUSTO SA.,CAMINOS DE JUSTO,HORTICULTURA
CAMPO MALAMBO S.A.,CAMPO MALAMBO,AGRICULTURA
CAUPOLICAN S.R.L.,LA CATALINA,AGRICULTURA
ECA  SA,LA 83,FRUTICULTURA
ESTANCIA LAGUNA BLANCA S.A.,LAGUNA BLANCA,AGRICULTURA
FIDEICOMISO ARANDANOS DEL HEMISFERIO SUR,FIDEICOMISO ARANDANOS DEL HEMISFERIO SUR,FRUTICULTURA
FIGUEROA BUNGE MARIANO,LA EVANGELINA,AGRICULTURA
FUCHINECO LUIS ALBERTO,ALMA MIA,AGRICULTURA
GRACIA LUZ DON,LA ESMERADA,AGRICULTURA
GUIDOBONO JOSE MARIA,LA URBANA,AGRICULTURA
GUIDOBONO JOSE MARIA,SAN PEDRO,AGRICULTURA
GUILLERMO JAUCK Y HERMANOS SOCIEDAD DE HECHO,MONTEVERDI,AGRICULTURA
GUILLERMO JAUCK Y HERMANOS SOCIEDAD DE HECHO,MEICHTRY,AGRICULTURA
GUILLERMO JAUCK Y HERMANOS SOCIEDAD DE HECHO,LA BLANCA,AGRICULTURA
GUILLERMO JAUCK Y HERMANOS SOCIEDAD DE HECHO,LISFCHITZ,AGRICULTURA
GUILLERMO JAUCK Y HERMANOS SOCIEDAD DE HECHO,EL TAJAMAR,HORTICULTURA
IGFO SA,LA ESPERANZA,FRUTICULTURA
IGFO SA ,EL TRIANGULO,FRUTICULTURA
KUMAGRO S.A.,LA UNION,AGRICULTURA
LA LOMA ALIMENTOS S.A.,EL TALITA,AGRICULTURA
MAGNO S.A.,LAS ACHURAS,AGRICULTURA
MAGNO S.A.,LOTE PLANTA MANTEROS,AGRICULTURA
NEOFARMS S.R.L. / GUIDOBONO JOSE MARIA / CALERO GUILLERMO,LA EMILIA (EX LA PRIMAVERA),AGRICULTURA
"NEOFARMS SRL/GUIDOBONO JOSE MARIA/CALERO GUILLERMO,",POOL CONSORCIO - UNIDAD A,AGRICULTURA
"NEOFARMS SRL/GUIDOBONO JOSE MARIA/CALERO GUILLERMO,",POOL CONSORCIO - UNIDAD B,AGRICULTURA
"NEOFARMS SRL/GUIDOBONO JOSE MARIA/CALERO GUILLERMO,",POOL CONSORCIO - UNIDAD C,AGRICULTURA
"NEOFARMS SRL/GUIDOBONO JOSE MARIA/CALERO GUILLERMO,",POOL CONSORCIO - UNIDAD D,AGRICULTURA
"NEOFARMS SRL/GUIDOBONO JOSE MARIA/CALERO GUILLERMO,",POOL CONSORCIO - UNIDAD E,AGRICULTURA
SALDUNA PEDRO JORGE - SALDUNA PEDRO,SANTA DOMINGA,AGRICULTURA
SOCAS CARLOS MARIA,LA MARMOL - SAN PANCHO,GANADERIA
STIVANELLO JUAN CARLOS,JUAN CARLOS STIVANELLO (FINCA),FRUTICULTURA
STIVANELLO JUAN CARLOS,JUAN CARLOS STIVANELLO (FINCA),HORTICULTURA
TIANA S.A.,TIANA S.A.,AGRICULTURA
WOLFF GUSTAVO ALFREDO,LOS NOGALES,FRUTICULTURA
WOLFF GUSTAVO ALFREDO,LOS NOGALES,HORTICULTURA
CORONEL ALEJANDRO ANIBAL,PURO ALOE,AGRICULTURA
ISLA PUEN SRL,ISLA PUEN,AGRICULTURA
UTE BV S.A.,EL CANADIENSE,FRUTICULTURA
UTE BV S.A.,EL CANADIENSE,HORTICULTURA
ADROVER TRISTAN,FINCA LA ESCONDIDA,AGRICULTURA
ALCONOR S.A.,EL INFANTE,AGRICULTURA
AYNI S.A.,LA COLORADA,AGRICULTURA
BLANCO HUGO ROBERTO,EL VASCO,AGRICULTURA
CAMPO ALEGRE S.A.,FINCA CAMPO ALEGRE,AGRICULTURA
COOPERATIVA DE PRODUCTORES APICOLA DE JUJUY LTDA.,COOPERATIVA DE PRODUCTORES DE MIELES DE JUJUY,APICULTURA
EL OMBU SRL,FINCA FIORINI,AGRICULTURA
EMECINCO S.A.,FINCA LOS PLATANOS,AGRICULTURA
FINCA EL PONGO - HPTAL. ARTURO ZABALA,FINCA EL PONGO,AGRICULTURA
FINCA LAS MERCEDES SRL,FINCA LAS MERCEDES,AGRICULTURA
GARELY S.A.,LOS PUENTES,AGRICULTURA
HAROIAN NELSON EDGARDO,FINCA PAMPA BLANCA,AGRICULTURA
INGENIO LA ESPERANZA S.A.,INGENIO LA ESPERANZA,AGRICULTURA
INKLEMONA DE BALUT ROSA,FINCA LAS PICHANAS,AGRICULTURA
LA PROVIDENCIA SRL,LA PROVIDENCIA,AGRICULTURA
MORALES GUSTAVO ROBERTO,FINCA MORALES,AGRICULTURA
PALMA SOLA FARMS S.R.L,PALMA SOLA,AGRICULTURA
EDCO GRAINS S.A.,SAN JUAN,AGRICULTURA
EL MAITEN S.R.L.,EL ALFILERILLO / EL REMOLINO / DON PEDRO / BARUSO / EL MORRO,APICULTURA
LOS AMIGOS S.H.,DON SERAFIN - EL CARMEL,APICULTURA
"BELLAN, EDGARDO CHARBEL MARIA",LAS TRES MARIAS,FRUTICULTURA
BELLIA JOSE LUIS,AGROVID,FRUTICULTURA
"CAPECE, LORENZO OSVALDO",LA ALBORADA,FRUTICULTURA
CLEAN INVESTMENT SA,EL RETAMO,AGRICULTURA
CLEAN INVESTMENT SA,SAN AMBROSIO Y  DON JESUS,AGRICULTURA
CONCESIONARIA DE FINCAS EL RENUEVO S.A.,FINCAS EL RENUEVO,FRUTICULTURA
CONCESIONARIA DE FINCAS EL RENUEVO S.A.,FINCAS EL RENUEVO,HORTICULTURA
COOPERATIVA VITIVINIFRUTICOLA  LA RIOJANA LTDA.,FINCA CIUDADELA,FRUTICULTURA
COOPERATIVA VITIVINIFRUTICOLA  LA RIOJANA LTDA.,FINCA CIUDADELA II (EXFEDERADA RIOJANA SA),FRUTICULTURA
COOPERATIVA VITIVINIFRUTICOLA  LA RIOJANA LTDA.,PARCELA 12,FRUTICULTURA
COVARRUBIAS SA,COVARRUBIAS,FRUTICULTURA
EMPRENDIMIENTOS DEL NORTE SRL ,FINCA LA ANDALUZA,FRUTICULTURA
FINCA CERES SRL,FINCA CERES (EX-AGRICOLA SAN CAYETANO 3),FRUTICULTURA
FINCA CERES SRL,FINCA CERES (EX-AGRICOLA SAN CAYETANO 6),FRUTICULTURA
FREZZI SACIAG,FINCA FREZZI II,AGRICULTURA
FREZZI SACIAG,FINCA FREZZI,FRUTICULTURA
FUERTE DEL BAÑADO S.A.,FUERTE DEL BAÑADO,AGRICULTURA
"GARROT, CARLOS PEDRO",FINCA SANTA GUALBERTA,FRUTICULTURA
"GONZALEZ RODRIGUEZ, GERMAN",DON BERNABE,FRUTICULTURA
"GONZALEZ, MARIO HERNAN",EX-BERETTA,FRUTICULTURA
"GONZALEZ, MARIO HERNAN",EX-MORENO,FRUTICULTURA
"GONZALEZ, MARIO HERNAN",NUEVA,FRUTICULTURA
INDUSTRIAS QUIMICAS Y MINERAS TIMBO S.A.,FINCA TIMBO RIOJANA,FRUTICULTURA
INDUSTRIAS QUIMICAS Y MINERAS TIMBO S.A.,FINCA TIMBO RIOJANA,HORTICULTURA
"IRIARTE, DANIEL",FINCA LAS ROSAS (IRIARTE),FRUTICULTURA
"LARGUIA, JONAS",FINCA LA NUESTRA,FRUTICULTURA
MAELCA S.A.,LOS RANQUELES,AGRICULTURA
MAELCA SA,LOS CERRILLOS,FRUTICULTURA
MAELCA SA,LOS CERRILLOS,HORTICULTURA
OLIVARES S.A.,OLIVARES S.A.,FRUTICULTURA
OLIVOS ARGENTINOS SA,SANTA FE,FRUTICULTURA
ORO NEGRO S.A.,ORO NEGRO,FRUTICULTURA
"SUELDO GIORGI, LAURA",FINCA MACHIA,FRUTICULTURA
TALAMUYUNA S.A.,TALAMUYUNA,AGRICULTURA
"TROYANO, RUFINO",PARCELA Nº8,FRUTICULTURA
AGROLOSANDES S.A.,AGROLOSANDES,FRUTICULTURA
AGROLOSANDES S.A.,AGROLOSANDES,HORTICULTURA
AGROSAVER S.A.,FINCA LA AGUANDA,FRUTICULTURA
AGROSAVER S.A.,FINCA LA AGUANDA,HORTICULTURA
ALTOS LAS HORMIGAS SAVYC,ALTOS LAS HORMIGAS FINCA,FRUTICULTURA
ARGENTBIO S.R.L.,FINCA EL OLMO,FRUTICULTURA
ARGENTBIO S.R.L.,FINCA EL OLMO,HORTICULTURA
ARTEL INC,EL LUCAS,FRUTICULTURA
ARTEL INC,EL TINCHO,FRUTICULTURA
ASOC. COOP. EEA INTA MENDOZA,ASOCIACION COOPERADORA DE EEA MENDOZA INTA,FRUTICULTURA
ASOC. COOP. EEA INTA MENDOZA,ASOCIACION COOPERADORA DE EEA MENDOZA INTA,HORTICULTURA
AVE MARIA FIDEICOMISO,FINCA AVE MARIA AG,FRUTICULTURA
AVE MARIA FIDEICOMISO,FINCA AVE MARIA B,FRUTICULTURA
BAMENEX S.A.,FINCA DON JOAQUIN,FRUTICULTURA
BAMENEX S.A.,FINCA DON JOAQUIN,HORTICULTURA
BAMENEX S.A.,FINCA EL CARRIZAL,FRUTICULTURA
BAMENEX S.A.,FINCA EL CARRIZAL,HORTICULTURA
BEATRIZ VASQUEZ Y JUAN CARLOS CAMARGO SH,FINCA RINCON DESEADO,FRUTICULTURA
BEATRIZ VASQUEZ Y JUAN CARLOS CAMARGO SH,FINCA RINCON DESEADO,HORTICULTURA
BEAU LIEU S.A.,BEAU LIEU SA,FRUTICULTURA
BENITO Y NORMA PANELLA,FINCA PANELLA Y ANEXO,FRUTICULTURA
BENITO Y NORMA PANELLA,FINCA PANELLA Y ANEXO,HORTICULTURA
BIO AGRICULTORES S.A.,EL VERGEL,FRUTICULTURA
BIO AGRICULTORES S.A.,EL VERGEL,HORTICULTURA
BIO-ARGENTINA S.A.,LA CELESTE,FRUTICULTURA
BLANCO JOSE,UGARTECHE,FRUTICULTURA
"BOCARDO, MARCELO",MARCELO BOCARDO,FRUTICULTURA
BODEGA ARGENTO S.A.,FINCA UGARTECHE,AGRICULTURA
BODEGA ARGENTO S.A.,FINCA ALTAMIRA,FRUTICULTURA
BODEGAS Y VIÑEDOS BENEDETTI SRL,FINCA LAS YEGUITAS,FRUTICULTURA
BODEGAS Y VIÑEDOS BENEDETTI SRL,FINCA LA PAZ,FRUTICULTURA
BODEGAS Y VIÑEDOS BENEDETTI SRL,FINCA LA ISLA,FRUTICULTURA
BODEGAS Y VIÑEDOS BENEDETTI SRL,FINCA MONTECASEROS,FRUTICULTURA
BODEGAS Y VIÑEDOS BENEDETTI SRL,FINCA LOS CAMPAMENTOS,FRUTICULTURA
BODEGAS Y VIÑEDOS V.O.B. S.A.,FINCA AURA (EX BODEGAS Y VIÑEDOS V.O.B.S.A.),FRUTICULTURA
BUONO BENITO ARNALDO,BUONO BENITO ARNALDO,FRUTICULTURA
BUONO BENITO ARNALDO,BUONO BENITO ARNALDO,HORTICULTURA
CAMPAL S.A.,FINCA EL CAMPAL,FRUTICULTURA
CAMPAL S.A.,FINCA EL CAMPAL,HORTICULTURA
CAMPO GRANDE S.A.,ESTANCIA LAS CHACRAS,FRUTICULTURA
CAMPO GRANDE S.A.,ESTANCIA LAS CHACRAS,HORTICULTURA
CAMPOS DE LA COLONIA S.A.,FINCA LAS UVAS,FRUTICULTURA
CAMPOS DE LA COLONIA S.A.,FINCA LAS UVAS,HORTICULTURA
CANTINIAN SA,CANTINIAN,FRUTICULTURA
CAÑA DE CASTILLA SRL,FINCA FABRICA ,AGRICULTURA
CAÑA DE CASTILLA SRL,FINCA IRIGOYEN ,AGRICULTURA
CAÑA DE CASTILLA SRL,FINCA IRIGOYEN FINAL ,AGRICULTURA
CAÑA DE CASTILLA SRL,FINCA LOS ALAMOS ,AGRICULTURA
CAROLINA BENEDETTI,LOS YOLES,FRUTICULTURA
CK Y ASOCIADOS S.A.,FINCA LUNLUNTA,FRUTICULTURA
CK Y ASOCIADOS S.A.,VILLA SECA,FRUTICULTURA
COMPAÑIA AGRICOLA EL RODEO S.A.,FINCA ORGANICA SAN CARLOS,FRUTICULTURA
COMPAÑIA AGRICOLA EL RODEO S.A.,FINCA ORGANICA SAN CARLOS,HORTICULTURA
COMPAÑIA DE AGROSERVICIOS S.A.,DON JORGE,FRUTICULTURA
CUNCO S.A.,FINCA CUNCO,FRUTICULTURA
CUNCO S.A.,FINCA CUNCO,HORTICULTURA
DJALLAD ANA REBECA,LA AMISTAD,FRUTICULTURA
DJALLAD ANA REBECA,LA AMISTAD,HORTICULTURA
DOMAINE JEAN BOUSQUET  S.A.,FINCA MAIPU DELICIAS DE TUPUNGATO SA,FRUTICULTURA
DOMAINE JEAN BOUSQUET  S.A.,FINCA DOMAINE BOUSQUET,FRUTICULTURA
DOMAINE JEAN BOUSQUET  S.A.,FINCA EL ZAMPAL DELICIAS DE TUPUNGATO SA,FRUTICULTURA
EDUARDO Y FABIAN CAMPAGNA SH,LOS CORRALITOS,HORTICULTURA
EL MORO SRL,FINCA DINAMIA,FRUTICULTURA
EMPRESA COMERCIAL EXPORTADORA S.A.,LAS 3 F,FRUTICULTURA
EMPRESA COMERCIAL EXPORTADORA S.A.,CHACRAS DE CORIA,FRUTICULTURA
ESTABLECIMIENTOS VITIVINICOLAS ESCORIHUELA S.A.,ALTAMIRA,FRUTICULTURA
ESTANCIA CASA DE UCO S.A.,ESTANCIA CASA DE UCO,FRUTICULTURA
ESTANCIA CASA DE UCO S.A.,ESTANCIA CASA DE UCO,HORTICULTURA
FIDEICOMISO BAX,FIDEICOMISO BAX,FRUTICULTURA
FIDEICOMISO BAX,FIDEICOMISO BAX,HORTICULTURA
FIDEICOMISO SANTA RITA ,FINCA SANTA RITA,AGRICULTURA
FINCA CONSTANZA SA,FINCA DOÑA CONSTANZA (EX FINCA EL MIRADOR),FRUTICULTURA
FINCA VON WIGSTEIN,FINCA ALPAMANTA,FRUTICULTURA
FRUTIHORTICOLA SAN NICOLAS SA,FRUTIHORTICOLA SAN NICOLAS,FRUTICULTURA
FRUTIHORTICOLA SAN NICOLAS SA,FRUTIHORTICOLA SAN NICOLAS,HORTICULTURA
FRUTOS DE SANTA ROSA S.A.,FINCA BELTRAN,FRUTICULTURA
FRUTOS DE SANTA ROSA S.A.,FRAY LUIS BELTRAN,FRUTICULTURA
FRUTOS DE SANTA ROSA S.A.,SANTA ROSA,FRUTICULTURA
GASPARETTI MAURICIO,EL AGUARIBAY,FRUTICULTURA
GASPARETTI MAURICIO,EL AGUARIBAY,HORTICULTURA
GRUPO PEÑAFLOR SA ,FINCA LA PAZ,FRUTICULTURA
GRUPO PEÑAFLOR SA ,FINCA ALTO VERDE,FRUTICULTURA
GRUPO PEÑAFLOR SA ,FINCA SANTA ROSA,FRUTICULTURA
HAGEN DE MONTERO GUILLERMINA,FINCA MONTERO,FRUTICULTURA
HAGEN DE MONTERO GUILLERMINA,FINCA MONTERO,HORTICULTURA
IZASKUN SA,FINCA CORTESIA,FRUTICULTURA
IZASKUN SA,FINCA CORTESIA,HORTICULTURA
JESUS CARLOS FANTELLI E HIJOS,FINCA BODEGA,FRUTICULTURA
JESUS CARLOS FANTELLI E HIJOS,BETTI,FRUTICULTURA
JESUS CARLOS FANTELLI E HIJOS,AGUSTIN,FRUTICULTURA
LA MARIA DE LOS ARBOLES SRL,LA MARIA DE LOS ARBOLES ,FRUTICULTURA
LA MARIA DE LOS ARBOLES SRL,LA MARIA DE LOS ARBOLES ,HORTICULTURA
LACIENDA SA,LACIENDA,FRUTICULTURA
LACIENDA SA,LACIENDA,HORTICULTURA
LAIANA S.R.L.,LAIANA,FRUTICULTURA
LAS YEGUAS S.A.,LAS YEGUAS,FRUTICULTURA
LAS YEGUAS S.A.,LAS YEGUAS,HORTICULTURA
LIPTOV S.A.,EL RANCHO,FRUTICULTURA
LLIHUE S.A.,FINCA CAYANTA,FRUTICULTURA
LLIHUE S.A.,FINCA LA MAROLINA,FRUTICULTURA
LOS EUCALIPTOS S.A.,FINCA LOS EUCALIPTOS,FRUTICULTURA
LOS EUCALIPTOS S.A.,FINCA LOS EUCALIPTOS,HORTICULTURA
"MASI, TUPUNGATO VIGNETI LA ARBOLEDA SA",MASI VIGNETI LA ARBOLEDA SA,FRUTICULTURA
MIRAVALLES S.A.,E-30686,FRUTICULTURA
MIRAVALLES S.A.,E-30686,HORTICULTURA
MIX S.A.,UVAS DEL DESIERTO,FRUTICULTURA
MONTLAIZ S.R.L.,LA FLOR,FRUTICULTURA
MONTLAIZ S.R.L.,DOÑA LIDIA,FRUTICULTURA
MONTLAIZ S.R.L.,DON HUGO,FRUTICULTURA
NADAL JUAN GUSTAVO,LA AMPARO,FRUTICULTURA
OJO DE VINO SA,OJO DE VINO SA,FRUTICULTURA
OLATE JUAN CARLOS,"MARQUEZ 1 Y 2, MOLLAR 1 Y 2 (GRUPO AP. MALARGÜE)",APICULTURA
OLIVARES DE DON IGNACIO S.A.,LA LIBERTAD,FRUTICULTURA
ORGANIC COSTAFLORES S.A.,FINCA COSTAFLORES,FRUTICULTURA
ORGANIC COSTAFLORES S.A.,FINCA COSTAFLORES,HORTICULTURA
PALUMBO GOTTARDINI CARLOS ROBERTO,ORALIA STATE,FRUTICULTURA
PALUMBO GOTTARDINI CARLOS ROBERTO,ORALIA STATE,HORTICULTURA
PARRA SA,CUARTEL 24 (EX PARRA SA),FRUTICULTURA
PEÑAVID SA,FINCA TRIBUTO,FRUTICULTURA
PROVIVA S.R.L,AGRELO ,FRUTICULTURA
PROVIVA S.R.L.,ALTAMIRA I,FRUTICULTURA
PROVIVA S.R.L.,ALTAMIRA II,FRUTICULTURA
PROVIVA S.R.L.,DRUMMOND,FRUTICULTURA
PUENTE BLANCO S.A.,ESTANCIA EL TAMBILLO,FRUTICULTURA
PUENTE BLANCO S.A.,ESTANCIA EL TAMBILLO,HORTICULTURA
PUENTE BLANCO S.A.,ESTANCIA LOS AMIGOS,FRUTICULTURA
PUENTE BLANCO S.A.,ESTANCIA LOS AMIGOS,HORTICULTURA
PUERTO ANCONA S.A.,VISTA FLORES,FRUTICULTURA
PUERTO ANCONA S.A.,VISTA FLORES,HORTICULTURA
R6 LA GUEVARINA S.A.,R6 LA GUEVARINA,HORTICULTURA
RABIDA ESCOBAR MARIA PAULA,FINCA 2R,FRUTICULTURA
RABIDA ESCOBAR MARIA PAULA,FINCA 2R,HORTICULTURA
S.A. BODEGA ENRIQUE VOLLMER - UCO VALLEY,BODEGAS VOLLMER UCOVALLEY S.A.,FRUTICULTURA
SANCHEZ PEDRO PASCUAL,FINCA LAS PAREDES,FRUTICULTURA
SANCHEZ PEDRO PASCUAL,FINCA LAS PAREDES,HORTICULTURA
SANES S.A.,FINCA LA ULTIMA,FRUTICULTURA
SANES S.A.,FINCA LA ULTIMA,HORTICULTURA
SOLANDES S.A.,SOLANDES,FRUTICULTURA
SOLANDES S.A.,SOLANDES,HORTICULTURA
SONIA Y LILIANA FERRO S.H.,RODRIGUEZ PEÑA,FRUTICULTURA
STAGNITTI ALBERTO,LA MACARENA,FRUTICULTURA
STAGNITTI ALBERTO,LA MACARENA,HORTICULTURA
TACCHINI FABIO,VISTALBA,FRUTICULTURA
TACCHINI FABIO,VISTALBA,HORTICULTURA
TEPEU S.R.L,FINCA MUÑOZ HNOS.,FRUTICULTURA
TEPEU S.R.L,FINCA MUÑOZ HNOS.,HORTICULTURA
THIBAULT LEPOUTRE,FINCA CHACAYES NORTE (EX FINCA CHACAYES),FRUTICULTURA
VAL DE FLORES S.A.,VAL DE FLORES,FRUTICULTURA
VAL DE FLORES S.A.,VAL DE FLORES,HORTICULTURA
VALENCIA MIGUEL,LA SERENA,FRUTICULTURA
VALENCIA MIGUEL,LOS ALAMOS,FRUTICULTURA
VALENCIA MIGUEL,MEDRANO,FRUTICULTURA
"VALENCIA, ROBERTO OSCAR",FINCA VALENCIA,FRUTICULTURA
VALENTIN BIANCHI SACIF ,FINCA ASTI,FRUTICULTURA
VALENTIN BIANCHI SACIF ,FINCA DOÑA ELSA,FRUTICULTURA
VALENTIN BIANCHI SACIF ,FINCA LAS PAREDES,FRUTICULTURA
VILLA ATUEL S.A.,FINCA VILLA ATUEL,AGRICULTURA
VIÑA ESENCIA S.A.,FINCA ALEGRA,FRUTICULTURA
VIÑAS DE ALTO SALVADOR S.A.V.A.I.C,"FINCA ""DOÑA CRISTINA"" (INV E61522)",FRUTICULTURA
VIÑAS DE ALTO SALVADOR S.A.V.A.I.C,"FINCA ""LA SEDE "" (INV F 01047)(EX CENTRAL)",FRUTICULTURA
VIÑAS DE CUYO S.A.,FINCA AGRELO,FRUTICULTURA
VIÑAS DE LUJAN S.R.L.,VIÑAS DE LUJAN,FRUTICULTURA
VIÑAS DE LUJAN S.R.L.,VIÑAS DE LUJAN,HORTICULTURA
VITTORI ROBERTO Y VERONICA S.H.,CASTRO BARRO,FRUTICULTURA
ACOSTA VILMAR,"IFAI - LOTE 1, LOTE 17",AGRICULTURA
ALVARENGA ANTONIO JESUS,IFAI - LOTE 88,AGRICULTURA
ALVARENGA GERONIMO FRANCISCO,IFAI - LOTE 88,AGRICULTURA
ANGER JORGE/JUNIOR FABIAN,IFAI - LOTE 144,AGRICULTURA
ANIAYA HILARIO/ ALBERT,IFAI - LOTE 51,AGRICULTURA
ANIAYA HILARIO/ ANIAYA ALBERT / REIS ROBERTO,IFAI - LOTE 33/34,AGRICULTURA
ANIAYA HILARIO/ALBERT,IFAI - LOTE 15,AGRICULTURA
ANTUNEZ FLORES ANTONIO CARLOS/ QUENSSELL MARCOS/DE MATOS GRISELDA,IFAI - LOTE 26,AGRICULTURA
ARJOL RICARDO ALFREDO / DOMINGUEZ CARLOS ALFREDO,IFAI - LOTE 3 Y 7,AGRICULTURA
BAEZ ANTONIO SIMEON / RODRIGUEZ TERESA / BAEZ OSCAR RAMON,IFAI - LOTE 169 B,AGRICULTURA
BAEZ ESTELA MARI,IVU,FRUTICULTURA
BALSARI EDGARDO ENRIQUE,IFAI - LOTE 77,AGRICULTURA
"BARBARO, MARIO LUCIANO",MARIO BARBARO,AGRICULTURA
BAUMGRATZ ALOISIO,KA´A PORÀ,AGRICULTURA
BECKER CARLOS LUIS,IFAI - LOTE 24,AGRICULTURA
BOGLIOTI JUAN JOSE,IFAI - LOTE 1,AGRICULTURA
BOWALCZUK JESUS RAUL,IFAI - LOTE 11,AGRICULTURA
BUBLITZ CARLOS / LUCAS JOSE / PETRY BLACIO / PETRY JOSE RAFAEL,IFAI - LOTE C,AGRICULTURA
BUNNKOWSKI ELIO MARIO,IFAI - LOTE 115,AGRICULTURA
CARDOZO ARLINDO JESUS / CARDOZO JESUS FELIX,IFAI - LOTE 143,AGRICULTURA
CARDOZO JOSE LUIS,IFAI - LOTE 119 B,AGRICULTURA
CARDOZO RICARDO ROGELIO,IFAI - LOTE 89,AGRICULTURA
CARDOZO RICARDO ROGELIO ,IFAI - LOTE 172,AGRICULTURA
CARRE ANIBAL DANIEL/MACHADO MIRIAM GRACIELA,IFAI - LOTE 16,AGRICULTURA
CARRE EMILIO/ ROJAS LILA AIDHEE / CARRE ULISES RAMON,IFAI - LOTE 4,AGRICULTURA
"CAVIGIOLI, MARIO",CAVIGIOLI MARIO,AGRICULTURA
CHESSANI JORGE / IASINSKI DANIELA LUCIA,IFAI - LOTE 15,AGRICULTURA
CHESSANI MAXIMO,IFAI - LOTE 69,AGRICULTURA
CUATRO CAMINOS S.R.L.,CUATRO CAMINOS,AGRICULTURA
DA CRUZ MANUEL ROSALINO/DA CRUZ JOSE RAMON / DA CRUZ JORGE ARIEL / ROSANA ISABEL / SILVIO ORLANDO,IFAI - LOTE 90 A Y B,AGRICULTURA
DA ROSA CARLOS/ WALTER FERREIRA DA ROSA / DE MATTOS BENITO / DE MATTOS MARIO,IFAI - LOTE 128 A,AGRICULTURA
DA ROSA JOSE DANIEL/RODRIGUEZ EDELMIRA/DA ROSA ALEJANDRA,IFAI - LOTE 7,AGRICULTURA
DA SILVA ARI/JOSE,IFAI - LOTE 72,AGRICULTURA
DALINGER MARGARITA IRENE,IFAI - LOTE 3 D,AGRICULTURA
DE LIMA ANGEL / MARTINEZ EZEQUIEL / SEGOVIA NADIA SOLEDAD,IFAI - LOTE 18-20,AGRICULTURA
DE MIRANDA JUAN FRANCISCO/ DE MIRANDA JOSE FRANCISCO,IFAI - LOTE 173,AGRICULTURA
DE OLIVERA CARLOS ORLANDO,IFAI - LOTE 19,AGRICULTURA
DE OLIVERA CARLOS ORLANDO,IFAI - LOTE 11,AGRICULTURA
DE OLIVERA HECTOR ANDRES/ DA SEQUEIRA SULEMA MABEL,IFAI - LOTE 4,AGRICULTURA
DE OLIVERA HECTOR ELIAS /ADELA KARINA / RODRIGUEZ HILDA ,IFAI - LOTE 10,AGRICULTURA
DE OLIVERA HECTOR ELIAS /ADELA KARINA / RODRIGUEZ HILDA ,IFAI - LOTE 4,AGRICULTURA
DE OLIVERA HUMBERTO / ANIAYA HECTOR,IFAI - LOTE 19,AGRICULTURA
DE OLIVERA VICTOR PLACIDO / ACOSTA CLAUDETTE,IFAI - LOTE 11,AGRICULTURA
DENI ANTONIO / BATIROLLA LUIS PABLO / BATIROLA GUSTAVO,IFAI - LOTE FISCAL,AGRICULTURA
DO SANTOS JUAN RAMON / RAMON,IFAI - LOTE 43,AGRICULTURA
DO SANTOS UBALDO / LUCIA / LUCAS UBALDO DO SANTOS,IFAI - LOTE 150,AGRICULTURA
DO SANTOS UBALDO / LUCIA / LUCAS UBALDO DO SANTOS / DO SANTOS JONATHAN,IFAI - LOTE 139,AGRICULTURA
DORNELES JUAN CARLOS / HOFFMANN MARTINS LAUDELINO,IFAI - LOTE 4 B,AGRICULTURA
DURAN AMBROSIO,IFAI - LOTE 73,AGRICULTURA
DURAN AMBROSIO,IFAI - LOTE 12 Y 7,AGRICULTURA
DURAN AMBROSIO,IFAI - LOTE 44,AGRICULTURA
EICHEMBER EVALDO / CLARA DOCARMO FERNANDEZ,IFAI - LOTE 21,AGRICULTURA
ENGER LIZARDO / RIVERO GLADIS A / AYALA ESILDA ENGER,IFAI - LOTE 148,AGRICULTURA
ENGER LIZARDO LUIS,IFAI - LOTE 176,AGRICULTURA
ENGER LIZARDO LUIS,IFAI - LOTE 152,AGRICULTURA
ENGERS LUCINDO / ENGERS CLOVIS MARCOS,IFAI - LOTE 22,AGRICULTURA
ENRIQUE VICTOR ARRUA,MALCRIADO,AGRICULTURA
ESCARVADOFSKI LIZARDO TOMAS/ CERRI ORESTINA,IFAI - LOTE 1 Y 2,AGRICULTURA
ESCARVADOFSKI LUIS FABIAN,IFAI - LOTE 17/18,AGRICULTURA
ESPINDOLA ALCIMIRO / FLORES MARTA,IFAI - LOTE 103,AGRICULTURA
ESPINDOLA ALCIMIRO / FLORES MARTA,IFAI - LOTE 24 A,AGRICULTURA
FERNANDEZ PEREIRA JOSE / JOSE HECTOR,IFAI - LOTE 94,AGRICULTURA
FERREYRA BLANCA LUCY,IFAI - LOTE 179,AGRICULTURA
FERREYRA LIDIA/ ELIZARDO GABRIEL,IFAI - LOTE 176,AGRICULTURA
FERREYRA LIDIO RAMON/ ELIZARDO GABRIEL / MIRANDA ROSANA BEATRIZ / RIVERO MARIA A. YANINA,IFAI - LOTE 174,AGRICULTURA
FERREYRA LIDIO RAMON/ELIZARDO GABRIEL,IFAI - LOTE 150,AGRICULTURA
FERREYRA LORENZO / FERREYRA ABEL MEDELI,IFAI - LOTE 27,AGRICULTURA
FERREYRA PEDRO,IFAI - LOTE 13,AGRICULTURA
FISHER CLAUDIO ARIEL/ TIERLING RAUL,IFAI - LOTE 8,AGRICULTURA
FUNDACION ALBERTO ROTH,FUNDACION ALBERTO ROTH,AGRICULTURA
GALVAN MARIELA ANDREA,IFAI - LOTE 162-163,AGRICULTURA
GALVAN MARIELA ANDREA,IFAI - LOTE 4,AGRICULTURA
GOMEZ CARLOS RUBEN,IFAI - LOTE 153,AGRICULTURA
GOMEZ HECTOR,IFAI - LOTE 94,AGRICULTURA
GOMEZ ROSALINO/ M. FATIMA DA SILVEIRA,IFAI - LOTE 123,AGRICULTURA
GONZALEZ CLAUDIA/BECKER OSCAR,IFAI - LOTE 36,AGRICULTURA
GONZALEZ MARINO/ GONZALEZ CORNELIO/ GONZALEZ SOLEDAD MARIELA,IFAI - LOTE 99,AGRICULTURA
GONZALEZ OSVALDO MARTIN,IFAI - LOTE 15,AGRICULTURA
GRABARCZUK TERESA/STECIUK NORA ISABEL,IFAI - LOTE 2 A,AGRICULTURA
GROSS VICTOR DANIEL,IFAI - LOTE 8F,AGRICULTURA
GRZVINSKI CLAUDIO / HECTOR JOSE,IFAI - LOTE 35,AGRICULTURA
HARTMANN MARIO / PRESTES LORENA ADRIANA / PRESTES CARLOS DAVID,IFAI - LOTE 69,AGRICULTURA
HARTMANN SIBANO / HARTMANN MAURO,IFAI - LOTE 121-123,AGRICULTURA
HEINZMANN ENRIQUE CRISTIAN,ENRIQUE CRISTIAN HEINZMANN,AGRICULTURA
JAKIMZUK  PEDRO MARCOS,IFAI - LOTE 195,AGRICULTURA
JAKIMZUK LIDIA/ OLIVERA RUBEN,IFAI - LOTE 8,AGRICULTURA
KALISPRENER JORGE RUBEN / SAWISKI MIRTHA GRACIA / KALISPRENER JORGE ANDRES,IFAI - LOTE 30,AGRICULTURA
KAPELINSKI JOSE ESTEBAN/CRISTIAN ARIEL,IFAI - LOTE 17,AGRICULTURA
KLUGE JORGE ALFREDO,IFAI - LOTE 41,AGRICULTURA
KOTH ITATI MARIA EVANGELINA,ROA PIPO,AGRICULTURA
KRAUS S.A.,ESTABLECIMIENTO KRAUS,AGRICULTURA
KREUNING JORGE,IFAI - LOTE 96,AGRICULTURA
KURZNIWSKI GERARDO GERMAN,IFAI - LOTE 11,AGRICULTURA
LA CONDICION S.A.,ISTUETA KM 300,AGRICULTURA
LAS TREINTA S.A.,DOROSZ,AGRICULTURA
LASSER TERESA/ MITTIL JUAN CARLOS  / MITTIL JUAN CARLOS (HIJO),IFAI - LOTE 5,AGRICULTURA
LORENZO YOLANDA /SENIO CRISTIAN SANTIAGO,IFAI - LOTE 237,AGRICULTURA
MACHADO MENDRANA PRADELINO / MACHADO PAULO,IFAI - LOTE 62,AGRICULTURA
MACHADO MIGUEL ANGEL/FERNANDO MIGUEL,IFAI - LOTE 61,AGRICULTURA
MACHADO MIGUEL/SOLIS ELBA BEATRIZ/MACHADO FABIANA,IFAI - LOTE 14 B,AGRICULTURA
MARCELO MANUEL LIMA / MANUEL ALTAMIRO LIMA,IFAI - LOTE 4,AGRICULTURA
MARIANA MAMPAEY,EL HORMIGUERO,AGRICULTURA
MARIANA MAMPAEY,EL HORMIGUERO,HORTICULTURA
MARLANDER JORGE ALFREDO / EZEQUIEL,IFAI - LOTE 7,AGRICULTURA
MARQUEZ JUAN ANDRES,IFAI - LOTE 145,AGRICULTURA
MARTIN JAVIER SALOMON SAAIED,CHACRA ADAMA,AGRICULTURA
MARTIN JAVIER SALOMON SAAIED,CHACRA ADAMA,FRUTICULTURA
MIRANDA CARLOS LEON/MIRANDA HECTOR,IFAI - LOTE 133,AGRICULTURA
MORAES LUCAS,IFAI - LOTE 71 Y SOBRANTE,AGRICULTURA
"MOZZONI, ROBERTO RAMON",ROBERTO MOZZONI,AGRICULTURA
NELCI SANTIAGO / GENESINI HILDA INES,IFAI - LOTE FISCAL,AGRICULTURA
NEVEZ EUSEBIO,IFAI - LOTE 129,AGRICULTURA
NOREMBERG ROSSEMARIE HAIDEE,IFAI - LOTE 8 Y 9,AGRICULTURA
NUÑEZ JUAN AMERICO/MARIA ANGELICA,IFAI - LOTE E,AGRICULTURA
NUÑEZ JUAN BAUTISTA/ GIMENEZ ULISES,IFAI - LOTE B1,AGRICULTURA
NUÑEZ MARCELO RAMON / GARCIA MYRYAM,IFAI - LOTE K1,AGRICULTURA
NUÑEZ MARCELO RAMON /GARCIA MYRIAN,IFAI - LOTE 36,AGRICULTURA
OLEJNIK CARLOS/ESPINDOLA JORGE RAMON,IFAI - LOTE 27 A,AGRICULTURA
OLIVEIRA JORGE / NERI / VIDALVINA PEREYRA ( EX OLIVEIRA VALDIR / JORGE OLIVEIRA / ALFREDO NERI / ALEJANDRO OLIVEIRA),IFAI - LOTE 89,AGRICULTURA
OLIVERA RAMON HECTOR,IFAI - LOTE 43,AGRICULTURA
OLIVERA RAMON HECTOR,IFAI - LOTE 8,AGRICULTURA
OLIVERA RAMON HECTOR / JAKIMZUK OLGA CLAUDIA,IFAI - LOTE 196,AGRICULTURA
OLIVERA ROSA/PALCHICOVSKI SERGIO RAMON,IFAI - LOTE 5,AGRICULTURA
OLIVERA ROSA/PALCHICOVSKI SERGIO RAMON,IFAI - LOTE 6,AGRICULTURA
OLIVERA RUBEN / JAKIMZUK LIDIA / OLIVERA CESAR,IFAI - LOTE 199,AGRICULTURA
OLIVERA RUBEN / JAKIMZUK LIDIA / OLIVERA CESAR,IFAI - LOTE 198,AGRICULTURA
PAEZ DONATO / DE LIMA ELIO,IFAI - LOTE 4 Y 5,AGRICULTURA
PARK ANNA,ANNA PARK,AGRICULTURA
"PAULUK, TEODORO",PAULUK TEODORO,AGRICULTURA
PEREIRA MARIANO LIZARDO,IFAI - LOTE 114,AGRICULTURA
PEREIRA RICARDO,IFAI - LOTE 30,AGRICULTURA
PEREYRA DE RAMOS ABEL/EZEQUIEL,IFAI - LOTE 44,AGRICULTURA
PIEKA ANTONIO / SVIRCZ ELIAS,IFAI - LOTE 21,AGRICULTURA
PORTO CARLOS JAVIER,IFAI - LOTE 28 A,AGRICULTURA
PRICHODA TEODORO BASILIO/ JORGE RICARDO,IFAI - LOTE 10,AGRICULTURA
PRIETTO ANGEL GABRIEL,IFAI - LOTE 19,AGRICULTURA
QUEVEDO LUIS ALBERTO,IFAI - LOTE 29,AGRICULTURA
RAUL LOPEZ/LUCAS LOPEZ,CUARAJU MIMBI,AGRICULTURA
REIS JACINTO / REIS JORGE LUIS / REIS ROBERTO ABEL,IFAI - LOTE 37 B,AGRICULTURA
RIVERO GLADIS ANSELMA,IFAI - LOTE 176,AGRICULTURA
RIVERO JUAN CARLOS,IFAI - LOTE 67,AGRICULTURA
RODRIGUEZ JOSE CARLOS/ ELVIO MARINO ,IFAI - LOTE 17,AGRICULTURA
RODRIGUEZ MIGUEL CEFERINO,IFAI - LOTE H,AGRICULTURA
RODRIGUEZ MIGUEL CEFERINO,IFAI - LOTE 82 /103,AGRICULTURA
ROTTA  JOSE OSCAR/JOSE MARCELO,IFAI - LOTE 79 SUR,AGRICULTURA
RUBEN DARIO HENN,CHACRA DON LUIS,AGRICULTURA
SADI LEIRIA,IFAI - LOTE 165,AGRICULTURA
SAPOZNIK ANTONIO,IFAI - LOTE 1 Y 2,AGRICULTURA
SAVISKI CARLOS FRANCISCO,IFAI - LOTE 39 - 40,AGRICULTURA
SAVISKI ELVIO OSCAR,IFAI - LOTE 29,AGRICULTURA
"SCHERF, ALBERTO",SCHERF ALBERTO,AGRICULTURA
SCHOLLES LUIS OSCAR / JOSE LUIS,IFAI - LOTE 41,AGRICULTURA
SEGOVIA NADIA SOLEDAD / CRUZ MARCELO,IFAI - LOTE 78,AGRICULTURA
SELL JUAN,IFAI - LOTE 65,AGRICULTURA
SEMAINKO JUAN ALBERTO / DANIEL,IFAI - LOTE 54,AGRICULTURA
SENIO CRISTIAN/LORENZO YOLANDA,IFAI - LOTE 231,AGRICULTURA
SILVA ILDEMAR ELIZARDO,IFAI - LOTE 17,AGRICULTURA
SILVEYRA EDUARDO / SEPE FATIMA ISABEL,IFAI - LOTE 87 B,AGRICULTURA
SKRABA JUAN PABLO/SKRABA JUAN GUSTAVO,IFAI - LOTE 9 A,AGRICULTURA
SKUREK FERNANDO ARIEL,DORJE,AGRICULTURA
SMOLA HIPOLITO ABEL / JAKIMERSUK YOLANDA TERESA,IFAI - LOTE 119,AGRICULTURA
"SOLIS JOSE MARIA / ANDREA, GRACIELA",IFAI - LOTE 21,AGRICULTURA
SOLIS LEONEL JOSE/DOWBUZ LILIANA,IFAI - LOTE 20,AGRICULTURA
SOSA DA SILVA JUAN,IFAI - LOTE 61,AGRICULTURA
STECIUK ELIDA TERESITA/ RAEL OMAR DE OLIVERA / PALCZIKONSKI ALBINO,IFAI - LOTE 38-39-40,AGRICULTURA
STECIUK GREGORIO ALEJANDRO,IFAI - LOTE 228,AGRICULTURA
STECIUK MARIO RICARDO / STECIUK ABEL,IFAI - LOTE 233,AGRICULTURA
SUAREZ MARIA NELLI,IFAI - LOTE QTA 13,AGRICULTURA
SUAREZ RAMON OSCAR,IFAI - LOTE 16,AGRICULTURA
SUAREZ RAMON OSCAR / JAVIER OSCAR ,IFAI - LOTE QTA 2,AGRICULTURA
TABAREZ ANSELMO,IFAI - LOTE 12,AGRICULTURA
TAVAREZ CARLOS ANSELMO/ ANSELMO,IFAI - LOTE 18,AGRICULTURA
TAVAREZ RAMON SERGIO / JUAN CARLOS,IFAI - LOTE 12,AGRICULTURA
TRACHUK JOSE JAVIER / TRACHUK JOSE LUIS / TRACHUK EMILIO TEOFILO,IFAI - LOTE 72,AGRICULTURA
TRACHUK JOSE JAVIER / TRACHUK JOSE LUIS / TRACHUK EMILIO TEOFILO,IFAI - LOTE 65,AGRICULTURA
TRINDADES RUBEN ANGEL,IFAI - LOTE 711,AGRICULTURA
TYMCSZYSZYN JULIO DEMETRIO,IFAI - LOTE 520,AGRICULTURA
VALENZUELA TERESA / MAURICIO,IFAI - LOTE 137,AGRICULTURA
VARELA CLAUDIO,EL LAPACHO,FRUTICULTURA
VARELA CLAUDIO,EL LAPACHO,AGRICULTURA
VARGAS PACHECO JOSE CARLOS / DOMINGUEZ NETO ELIO / MACHADO BARCELLOS JOEL / MACHADO ARLINDO,IFAI - LOTE 28,AGRICULTURA
VELAZQUE FERNANDEZ JOSE JULCI/PRETTO ADAN,IFAI - LOTE 14,AGRICULTURA
WAGNER NORBERTO,IFAI - LOTE 49-50,AGRICULTURA
WAIDELICH OTTO,LOS CEDRITOS,GANADERIA
ZANAZZO OMAR / ZANAZZO JUAN CARLOS,IFAI - LOTE 25,AGRICULTURA
"BARTUSCH, ERNESTO",AÑELO,FRUTICULTURA
"BARTUSCH, ERNESTO",FEDERICO (LOTE 92S93N),FRUTICULTURA
"BARTUSCH, ERNESTO",RESIDENCIA (LOTE 161A),FRUTICULTURA
"BARTUSCH, RODOLFO",CASA (LOTE 161B),FRUTICULTURA
"BARTUSCH, RODOLFO",FIDEL (LOTE 154),FRUTICULTURA
"BARTUSCH, RODOLFO",Nº 205 Y Nº 206,FRUTICULTURA
BUWACO S.R.L.,LA NONA,FRUTICULTURA
"CARDENAS, JUANA ROSA",LOTE 160,FRUTICULTURA
"CARDENAS, JUANA ROSA",LOTE 94-1,FRUTICULTURA
"CENTURION, LAURA",DON DIONISIO,FRUTICULTURA
DALLA VILLA ALBERTO RAUL,EL CLAVO,FRUTICULTURA
DELLA GASPERA ALDO,CHACRA 187,FRUTICULTURA
DELLA GASPERA ALDO,CIPOLLETTI,FRUTICULTURA
DELLA GASPERA ALDO,LA CASA,FRUTICULTURA
ESTABLECIMIENTO NICOLAS S.R.L,NICOLAS,FRUTICULTURA
GARCIA MARIO ALBERTO,DON CHICHO,FRUTICULTURA
GARCIA MARIO ALBERTO,GARCIA MARIO,FRUTICULTURA
GONZALEZ ALDO DONATO,GONZALEZ ALDO DONATO,FRUTICULTURA
GURE ECHEA S.R.L,GERNIKA,FRUTICULTURA
ISLAFRUT SRL,ISLA MANZANO,FRUTICULTURA
"JACOBO, FRANCISCO JOSE","JACOBO, FRANCISCO JOSE",FRUTICULTURA
LA DELICIOSA S.A.,BIOPATAGONIA,FRUTICULTURA
LA DELICIOSA S.A.,CHACRA 34 LOTES B Y D,FRUTICULTURA
LA DELICIOSA S.A.,EL ALPATACO,FRUTICULTURA
LA DELICIOSA S.A.,FRUTICOLA PATAGONIA,FRUTICULTURA
LA DELICIOSA S.A.,LA ISLA,FRUTICULTURA
LA DELICIOSA S.A.,AIVEN,FRUTICULTURA
LA DELICIOSA S.A.,DON GREGORIO,FRUTICULTURA
LA DELICIOSA S.A.,DOÑA PEPA,FRUTICULTURA
LA DELICIOSA S.A.,EL CONDOR,FRUTICULTURA
LA DELICIOSA S.A.,LOTES 5B Y 5A,FRUTICULTURA
"MARTIN, OSCAR ALFREDO",EL LUPULAR ORGANICS FARM,FRUTICULTURA
"MONACHESI, ALEJANDRO GABRIEL",LA CRISTINA,FRUTICULTURA
"PAULOVICH, JUAN CARLOS",CHACRA CHINA MUERTA,FRUTICULTURA
R.O.S.T. FRUIT S.A.,CHACRA 2,FRUTICULTURA
"RETAMAL FERNANDEZ, JOSE E.","CHACRA ""EPUYEN""",FRUTICULTURA
SAHORES S.A.,SAHORES S.A.,FRUTICULTURA
"SANCHEZ, DARIO OMAR",LOTE 230 A,FRUTICULTURA
"SANCHEZ, GLADYS MABEL","SANCHEZ, GLADYS MABEL",FRUTICULTURA
SAYIHUE SRL,VISTA ALEGRE,FRUTICULTURA
SERHEN SRL,CHACRA 32,FRUTICULTURA
"STANGAFERRO, SERGIO",CHACRA 82-S,FRUTICULTURA
TECNITERRA SACIA,CHACRA 19,FRUTICULTURA
TECNITERRA SACIA,CHACRA 20,FRUTICULTURA
TECNITERRA SACIA,PICADA 8,FRUTICULTURA
ADRION PAUL,CHACRA HUMUS,GANADERIA
AGRICO.AR S.A.,AGRICO.AR S.A.,FRUTICULTURA
AGRO ROCA SA,LA ESCONDIDA,FRUTICULTURA
AGRO ROCA SA,LA ZAMBA,FRUTICULTURA
AGRONICA S.A.,FORTIN COPAHUE,AGRICULTURA
ANTIGUA SA (EX GARRIDO ROBERTO),CHACRA 145,FRUTICULTURA
ANTONINO MARIA ELENA DE COSTANZI,SANTA ELENA,FRUTICULTURA
"BANCO, HUGO","BANCO, HUGO",FRUTICULTURA
"BARZI, GUILLERMO AMADEO",CHACRA 173,FRUTICULTURA
"BARZI, GUILLERMO AMADEO",CHACRA 186,FRUTICULTURA
BIOVALLE S.A.,CHIMPAY II - LA ISLA,FRUTICULTURA
BIOVALLE S.A.,CURUNDU - BIOVALLE B - SECTOR HORNERO B - HORNERO C Y PUCCINI NORTE,FRUTICULTURA
BODEGA CHACRA S.R.L.,CHACRA 356 LOTE B DON TOMASO,FRUTICULTURA
BODEGA CHACRA S.R.L.,CHACRA 357 LOTE B,FRUTICULTURA
BODEGA NOEMIA DE PATAGONIA SA,BODEGA NOEMIA DE PATAGONIA SA,FRUTICULTURA
BODEGA Y VIÑEDOS PATAGONIA VALLEY S.R.L.,AUGUSTO RIPOLL,FRUTICULTURA
BRASPATAGONIA S.R.L.,BRASPATAGONIA,FRUTICULTURA
CANESSA HNAS,RAYHUAO,GANADERIA
CERES S.A.,ECO-CAÑADON,FRUTICULTURA
COMPAÑIA DE PRODUCCION FRUTIHORTICOLA  SA,BIO CAÑADON COLLETTI,FRUTICULTURA
COMPAÑIA DE PRODUCCION FRUTIHORTICOLA  SA,BUONA MELA,FRUTICULTURA
COMPAÑIA DE TIERRAS SUD ARGENTINO SA,ESTANCIA PILCANIYEU Y SAN PEDRO,GANADERIA
COMPAÑIA GENERAL DE FRUTAS S.A.,ELSA 1 Y 2,FRUTICULTURA
COMPAÑIA GENERAL DE FRUTAS S.A.,HILDA,FRUTICULTURA
COMPAÑIA GENERAL DE FRUTAS S.A.,LOS PERALES,FRUTICULTURA
COMPAÑIA GENERAL DE FRUTAS S.A.,SECCION TERCERA,FRUTICULTURA
COSTA DEL RIO S.A.,CAÑADON I,FRUTICULTURA
COSTANZI CARLOS SILVIO,EL NONO,FRUTICULTURA
COSTANZI EDGARDO MARIO SILVIO,LA COSTA,FRUTICULTURA
"DALLA PRIA, ALBERTO Y EDUARDO S.H.",CHACRA 205,FRUTICULTURA
"DALLA PRIA, ALBERTO Y EDUARDO S.H.",CHACRA 340,FRUTICULTURA
ELOSEGUI HNOS. S.A.,LA INES,FRUTICULTURA
ERICH JUAN  ROSAUER ,COMODATO: ZOILO S.A/ JUAN ERICH ROSAUER,FRUTICULTURA
ESTABLECIMIENTO SANTA MARIA S.R.L.,ESTABLECIMIENTO SANTA MARIA SRL,FRUTICULTURA
ESTABLECIMIENTO SOLEDAD SA,CHACRA Nº 388,FRUTICULTURA
FRESCURAS ORGANICAS PATAGONICAS S.A.,CHACRA CHICHINALES,FRUTICULTURA
FRESCURAS ORGANICAS PATAGONICAS S.A.,CHACRA JOBEL,FRUTICULTURA
FRESCURAS ORGANICAS PATAGONICAS S.A.,CHACRA LAS 50,FRUTICULTURA
FRESCURAS ORGANICAS PATAGONICAS S.A.,CHACRA ABEL,FRUTICULTURA
FRESCURAS ORGANICAS PATAGONICAS S.A.,CHACRA MITRE,FRUTICULTURA
FRESCURAS ORGANICAS PATAGONICAS S.A.,CHACRA MARCELO,FRUTICULTURA
FRESCURAS ORGANICAS PATAGONICAS S.A.,CHACRA RAFIN,FRUTICULTURA
FRUTICULTORES EMPACADORES DE GENERAL ROCA S.A.C.I.A.E I.,CHACRA 215,FRUTICULTURA
FRUTICULTORES EMPACADORES DE GENERAL ROCA S.A.C.I.A.E I.,CHACRA 204,FRUTICULTURA
FRUTICULTORES EMPACADORES DE GENERAL ROCA S.A.C.I.A.E I.,DON PEDRO,FRUTICULTURA
FRUTICULTORES EMPACADORES DE GENERAL ROCA S.A.C.I.A.E I.,LA COSTANERA,FRUTICULTURA
GARCIA MARIA NELIDA,CHACRA 48,FRUTICULTURA
GARCIA MARIA NELIDA,CHACRA 48,HORTICULTURA
GARCIA MARIA NELIDA,PUENTE COLORADO,FRUTICULTURA
GARCIA MARIA NELIDA,PUENTE COLORADO,HORTICULTURA
GARCIA MARIA NELIDA,LOS CIPRESES,FRUTICULTURA
GARCIA MARIA NELIDA,LOS CIPRESES,HORTICULTURA
"GARCIA, JOAQUIN",GARCIA JOAQUIN,FRUTICULTURA
GONZALEZ L. Y RIADIGOS E. S.H.,CHACRA ARROYO CLARO,FRUTICULTURA
GONZALEZ L. Y RIADIGOS E. S.H.,CHACRA ARROYO CLARO,HORTICULTURA
"GREGORI, ROMULO LUIS",CHACRA Nº 197,FRUTICULTURA
HURACAN FRUIT S.R.L.,CHACRA 145E,FRUTICULTURA
ISLAFRUT SRL,ISLAFRUT,FRUTICULTURA
JAVIER LEGASPI,EL CAPRICHO,AGRICULTURA
JAVIER LEGASPI,VILLA MANZANO,AGRICULTURA
JOSE BARRESI S.A.,CHACRA 153 BIS,FRUTICULTURA
JOSE BARRESI S.A.,CHACRA 198 LOTE 5,FRUTICULTURA
LA ANGOSTURA S.R.L.,LA ANGOSTURA,GANADERIA
LA CONQUISTA SRL,LA CONQUISTA,FRUTICULTURA
LABARRIERE JEAN LOUIS,EL GALPON Y EL DESAGÜE,FRUTICULTURA
LAGO VERDE SA,LAGO VERDE,FRUTICULTURA
LAINO HERMANOS S.A.,CHACRA 168,FRUTICULTURA
LAINO HERMANOS S.A.,CHACRA 197,FRUTICULTURA
LAINO HERMANOS S.A.,CHACRA 231,FRUTICULTURA
LAINO HERMANOS S.A.,LA CASONA,FRUTICULTURA
LOZANO S.R.L.,DON DANIEL,FRUTICULTURA
LOZANO S.R.L.,DON ADOLFO,FRUTICULTURA
LUISI ANTONIO,CHACRA N° 258,FRUTICULTURA
LUISI ANTONIO,CHACRA N° 270,FRUTICULTURA
"LUSTIG, SCHOLZ, MANSO Y OTROS",LA VARELA,FRUTICULTURA
ADD CROPS S.A.,BARADERO 1,AGRICULTURA
ADD CROPS S.A.,BARADERO 2,AGRICULTURA
ADD CROPS S.A.,EL BUEN RETIRO,AGRICULTURA
AGRICOLA EL HORIZONTE S.A.,EL RELINCHO,AGRICULTURA
AGRICOLA EL HORIZONTE S.A.,EL HORIZONTE,AGRICULTURA
AGRO ROSSI S.H.,DON GISLENO,AGRICULTURA
AGRO ROSSI S.H.,ONELIA,AGRICULTURA
ALVAREZ ANA MARIA,EL PAMPA ORGANICO,FRUTICULTURA
ALVAREZ ANA MARIA,EL PAMPA ORGANICO,HORTICULTURA
ANIJG AGENCY S.A.,EL FORTIN,GANADERIA
ARBE JUAN LUCAS ,NATURAL PAMPA,FRUTICULTURA
ARBE JUAN LUCAS ,NATURAL PAMPA,HORTICULTURA
ARGENTINA SPECIALITY S.R.L.,LA MORENITA,FRUTICULTURA
ARGENTINA SPECIALITY S.R.L.,LA MORENITA,HORTICULTURA
AUTOSOL PARTS S.A.,SAN JOSE,FRUTICULTURA
AUTOSOL PARTS S.A.,SAN JOSE,HORTICULTURA
BANDERITAS S.A.,JUAN ALBERTO,AGRICULTURA
BANDERITAS S.A.,SANTA RITA,AGRICULTURA
BANDERITAS S.A.,LA COLORADA,AGRICULTURA
BANDERITAS S.A.,LA NELIDA,AGRICULTURA
BARRETO JORGE JAVIER,LOS ARANDANALES,FRUTICULTURA
BARRETO JORGE JAVIER,LOS ARANDANALES,HORTICULTURA
BERRIES PREMIUM SA,BERRIES PREMIUM,FRUTICULTURA
BERRIES PREMIUM SA,BERRIES PREMIUM,HORTICULTURA
BIANCHI FERNANDO LUIS,"""LA JULIA"" Y ""LA JULITA""",GANADERIA
BIOLIVE S.A.,EL PIAL,AGRICULTURA
BORCHARDT FRANCISCO,ORGANIC ORCHARD,FRUTICULTURA
BORCHARDT FRANCISCO,ORGANIC ORCHARD,HORTICULTURA
BUENA TIERRA SRL.,SANTA LUCIA,FRUTICULTURA
BUENA TIERRA SRL.,SANTA LUCIA,HORTICULTURA
CHACRA RUMFE SRL,CHACRA RUMFE,AGRICULTURA
CIDEL ORGANICA S.R.L.,QUINTA 462,HORTICULTURA
CIDEL ORGANICA SRL,LA ANUNCIACION QUINTA 2,HORTICULTURA
COOPERATIVA GRANJERA ENTRERIANA DE CHACRAS ORGANICAS LTDA.,EL SEÑUELO,GANADERIA
"CORDOBA, MIGUEL ANGEL",EL 48,AGRICULTURA
COSUFRUTOS SA,PUENTE VIEJO,FRUTICULTURA
DON ALEJO SA,LAUQUEN,AGRICULTURA
DON ALEJO SA,LA TAPERA,AGRICULTURA
DON JACINTO SAAYC,PILLAHUINCO,AGRICULTURA
EBERLING FELICIANO,LA AVENTURA,AGRICULTURA
EBERLING FELICIANO,LA QUEBRADA,AGRICULTURA
EDCO GRAINS S.A.,LA UNION,AGRICULTURA
EDCO GRAINS S.A.,LA ELVIRA,AGRICULTURA
EL CASERIO ORGANICO S.H.,MARIA ALBINA I  Y LA AMELIA,AGRICULTURA
EL KIWAL DE MACEDO S.A.,DON GUILLERMO,FRUTICULTURA
EL REFUGIO DE CARLOS S.A.,LOS TAMARISCOS (ANIMAL),GANADERIA
"ETCHEBEST, PEDRO GASTON",DOÑA FRANCISCA,FRUTICULTURA
FERRARI CRISTHIAN DANIEL,FERRARI,AGRICULTURA
GARAT ALBERTO ADOLFO,MI SUEÑO,AGRICULTURA
GARRIDO STELLA MARIS,LOS OSOS,GANADERIA
GILARDI SEBASTIAN,DON LUIS,AGRICULTURA
GIMAI SA,LA AMISTAD,HORTICULTURA
GONZALEZ ELVIO,VILLA BALLESTER,AGRICULTURA
GONZALEZ ELVIO,LAS CIEN,AGRICULTURA
GONZALEZ ELVIO,EX ARTEL,AGRICULTURA
GONZALEZ ZUGASTI ESTEBAN ANTONIO,PAITITI,AGRICULTURA
HUENU CRESTA Y MUTICIA CRESTA SH,CANDELA,GANADERIA
ILGNER ANGEL E. Y PRESA STELLA M.,LOTE 118 Y  LA ALICIA,AGRICULTURA
ILGNER HECTOR,LA GABRIELITA,AGRICULTURA
ILGNER OSCAR FELIPE,SAN AGUSTIN,HORTICULTURA
ILGNER RAUL ALBERTO,FRUTO DE LA FE,AGRICULTURA
ILGNER SEBASTIAN,LOS MEXICANOS,AGRICULTURA
INNOCENTI MONICA,KIWI Y CHAMPIGNON,FRUTICULTURA
INNOCENTI MONICA,KIWI Y CHAMPIGNON,HORTICULTURA
INTERRUPCION S.A.,LAS LOMAS,AGRICULTURA
"JAÑEZ, MARIA PILAR",EL CHARA,GANADERIA
KROHN ARNOLDO Y MARTIN LUIS ENRIQUE SH,EL SATELITE,AGRICULTURA
KROHN ARNOLDO Y MARTIN LUIS ENRIQUE SH,MARY YAN,AGRICULTURA
KUMAGRO S.A.,CAMPO ALVEAR,AGRICULTURA
HIGH DOOR S.A.,TALLO VERDE,FRUTICULTURA
HIGH DOOR S.A.,TALLO VERDE,HORTICULTURA
KUMAGRO S.A.,LOS PINOS,AGRICULTURA
KUMAGRO S.A.,LA LUCIA II,AGRICULTURA
KUMAGRO S.A.,MAC GRATH,AGRICULTURA
KUMAGRO S.A.,LOS PARAISOS,AGRICULTURA
KUMAGRO S.A.,LA BLANQUEADA,AGRICULTURA
KUMAGRO S.A.,OJEA,AGRICULTURA
LA CATALINA SCA,LA CATALINA ORGANICA,AGRICULTURA
LA CATALINA SCA,LA CATALINA ORGANICA,GANADERIA
LA VENTURA & ASOCIADOS S.A.,LA VENTURA Y LA MARIA SUR,GANADERIA
LAFONTAINE SILVIA ELENA,LA MADRECITA,AGRICULTURA
LAVANDAS DE LAS SIERRAS S.R.L.,EL PANTANOSO,AGRICULTURA
"LIMARDO, RAFAEL OSVALDO",LA SALADA,AGRICULTURA
"LIMARDO, RAFAEL OSVALDO",LA SALADA,GANADERIA
"LIN, SANTIAGO",SANTIAGO LIN,HORTICULTURA
LOVINAC S.A.,TRES MARIAS,GANADERIA
LUIS A. DUCRET Y CIA. S.A.,GARIBALDI,AGRICULTURA
LUIS A. DUCRET Y CIA. S.A.,EL PUESTO,AGRICULTURA
LUIS A. DUCRET Y CIA. S.A.,EL RADAR,AGRICULTURA
MAGADAN LOPEZ MAXIMO PEDRO,LA VENTURA - SANTA BENITA,APICULTURA
MAGADAN LOPEZ MAXIMO PEDRO,SANTA BENITA,GANADERIA
"MAZAIRA, GUILLERMO A.",CHACRA G Y K,AGRICULTURA
MICAELA ANDREA SASAKI,CULTIVOS ORGANICOS SASAKI,AGRICULTURA
MIRTA LOPEZ,REDONDEL,AGRICULTURA
MISKA SA,SAN LUIS,AGRICULTURA
MISKA SA,DON GREGORIO,AGRICULTURA
MISKA SA,BREIZH,AGRICULTURA
MISKA SA,LOS VERDES,AGRICULTURA
MISKA SA,CONSTANTIN,AGRICULTURA
MISKA SA,LOIZA,AGRICULTURA
MOA INTERNACIONAL A.C. DE FILOSOFIA Y CULTURA,ZUISENKIO DERQUI,HORTICULTURA
NEO ARGENTO SC,LAS TRES NENAS,AGRICULTURA
NOVICK PABLO HORACIO,EL CUADRO DEL VASCO,AGRICULTURA
NOVICK PABLO HORACIO,EL VASQUITO,AGRICULTURA
"PERASSO, EMILIO CESAR",LA AMELIA,AGRICULTURA
PETROAGRO S.A.,DON BENEDETTO,AGRICULTURA
PETROAGRO S.A.,SAN JUAN,AGRICULTURA
PETROAGRO S.A.,HURE,AGRICULTURA
PETROAGRO S.A.,LOS VASQUITOS,AGRICULTURA
PETROAGRO S.A.,SIVORI,AGRICULTURA
"PROVERBIO, JUAN MARIANO",LOTE 111,AGRICULTURA
"PROVERBIO, JUAN MARIANO","PROVERBIO, JUAN MARIANO",HORTICULTURA
PROVIDENCE SA,LA ISLA,AGRICULTURA
PROVIDENCE SA,LA ISLA,GANADERIA
RIVARA S.A.,LAS NUTRIAS,AGRICULTURA
RIVARA S.A.,LA MARTITA,AGRICULTURA
RIVARA S.A.,EL FORTIN Y LOS MEDANOS,AGRICULTURA
RIVARA S.A.,EL ROSARIO (MANUBI),AGRICULTURA
RIVARA S.A.,LA ADELINA,AGRICULTURA
RIVARA S.A.,10 DE JUNIO,AGRICULTURA
RIVARA S.A.,MAMA CAROLINA,AGRICULTURA
RIVARA S.A.,LA LUISA,AGRICULTURA
RODOLFO UNGARO Y CIA S.A.,ARMONIA - LAS 150 - EL MORO,GANADERIA
ROLAND MOHLE/CORINA KEYMER DE MOHLE,ROCO,FRUTICULTURA
ROLAND MOHLE/CORINA KEYMER DE MOHLE,ROCO,HORTICULTURA
"ROSSI, PILADE QUINTO",EL CHAPARRAL,AGRICULTURA
"ROSSI, PILADE QUINTO",LA ALCANCIA,AGRICULTURA
SASAKI NOOSAN SRL,SASAKI NOOSAN SRL,HORTICULTURA
SOYAPAMPA S.A.,EL REZONGO,AGRICULTURA
SOYAPAMPA SA,VIMANEMAR,AGRICULTURA
SOYAPAMPA SA,LAS MARIAS,AGRICULTURA
SOYAPAMPA SA,LA PICASA,AGRICULTURA
SOYAPAMPA SA,EL CARDALITO,AGRICULTURA
SOYAPAMPA SA,BUENA ESPERANZA,AGRICULTURA
TANDIL VACARA SRL,SAN MIGUEL,GANADERIA
TENAX S.A.,FINCA DON PEDRO,FRUTICULTURA
TENAX S.A.,FINCA DON PEDRO,HORTICULTURA
TESTONI VICTOR,ARCOS DEL INTI - PRODUCTOR,HORTICULTURA
"VEXENAT PABLO C., FONTENLA DIEGO A.(AGROINDECO SRL) Y GIACHETTI WALTER",PURO CAMPO,AGRICULTURA
VIRTUD SA,EL CICLON LOTE 1,AGRICULTURA
BUSTAMANTE LUIS,FINCAS DON ROGELIO,FRUTICULTURA
BUSTAMANTE LUIS,FINCAS DON ROGELIO,HORTICULTURA
FRUTOS DEL NORTE SA,FRUTOS DEL NORTE S.A.,FRUTICULTURA
LA BUENA VIDA S.R.L.,RIO SINGUIL,AGRICULTURA
LA BUENA VIDA S.R.L.,DON MIGUEL,AGRICULTURA
LA LUNA DE CATAMARCA SA,GRUPO AO,FRUTICULTURA
"LONGO, PASCUAL",PASCUAL LONGO,FRUTICULTURA
OLIVARES DE POMAN SA,COMPLEJO OLIVICOLA SAN JOSE,FRUTICULTURA
OLIVAS AL MUNDO S.A.,OLIVAS AL MUNDO (CAMPO),AGRICULTURA
AGRO PROFESIONAL SA,LOSITA,AGRICULTURA
CONOSUR FOODS ARGENTINA SRL,ROBLEDO,AGRICULTURA
DE ZARATE MARCOS SEBASTIAN,MARCOS DE ZARATE,HORTICULTURA
FOUNDATION RACHEL Y PAMELA SCHIELE,LAS DOS HERMANAS,AGRICULTURA
FOUNDATION RACHEL Y PAMELA SCHIELE,LAS DOS HERMANAS,GANADERIA
FRANCO BATAN Y ROSA SIGISMUNDI S.H.,BIO HONEY,APICULTURA
HUANQUI S.A.,ALTOS VERDES,AGRICULTURA
LA MECO S.R.L,LA PASCUALINA,FRUTICULTURA
LA MECO S.R.L,LA PASCUALINA,HORTICULTURA
MARIA ELVIRA SAGASTI,ARCA DEL SOL,AGRICULTURA
MARIA ELVIRA SAGASTI,ARCA DEL SOL,HORTICULTURA
OLIVARES Y VIÑEDOS SAN NICOLAS S.A.,OLIVARES Y VIÑEDOS SAN NICOLAS,FRUTICULTURA
OLIVARES Y VIÑEDOS SAN NICOLAS S.A.,OLIVARES Y VIÑEDOS SAN NICOLAS,HORTICULTURA
POSTEL SA,LAS GAVIOTAS,GANADERIA
PRONUT SRL,LA MORA,AGRICULTURA
RAFAGOS SA,LAS PALOMAS,AGRICULTURA
SARDI JOSE LUIS,COLMENARES ELCANO,APICULTURA
WELEDA S.A.,WELEDA,HORTICULTURA
ECA  SA,LA VICTORINA,FRUTICULTURA
FEYEN ROBERTO,MARIA ANGELICA,FRUTICULTURA
FEYEN ROBERTO,MARIA ANGELICA,HORTICULTURA
GONCALVEZ ARTURO ELIAS,ESTANCIA SANTA ANA,AGRICULTURA
GUIDOBONO JOSE MARIA,CAMPO AFUERA,AGRICULTURA
GUIDOBONO JOSE MARIA,TUNAS,AGRICULTURA
KITASAN S.A.,KITASAN,AGRICULTURA
RIGO MARQUES GILMAR,PIRAYU,AGRICULTURA
"RODRIGUEZ BASIGALUP , HECTOR M.",LIMONES DEL SOL 1 Y 2,FRUTICULTURA
BIO AGRICULTORES S.A.,CAMPO CHACO,FRUTICULTURA
BIO AGRICULTORES S.A.,CAMPO CHACO,HORTICULTURA
BIO AGRICULTORES S.A.,CAMPO PALOMO,FRUTICULTURA
BIO AGRICULTORES S.A.,CAMPO PALOMO,HORTICULTURA
CODUTTI DANIEL HUGO,CAMPO VALUSSI - CAMPO ROSSO,APICULTURA
DIAZ RAFAEL JAVIER,EL CHILCAL,AGRICULTURA
ECA S.A.,ZONA GRAL SAN MARTIN DE RECOLECCION SILVESTRE,FRUTICULTURA
FABIO J PAVON,COLMENARES DON DALMACIO,APICULTURA
GONZALEZ ROQUE O. Y COOPSOL LTDA.,APIARIO BF,APICULTURA
HOLGADO LEONCIO Y COOPSOL LTDA.,APIARIO BG,APICULTURA
RIMONDINO ENRIQUE,MIEL DE MONTE,APICULTURA
RODRIGUEZ ROSA A. Y COOPSOL LTDA.,APIARIO BI,APICULTURA
RUIZ ELVIO Y COOPSOL LTDA.,APIARIO BH,APICULTURA
14 DE ABRIL S.R.L.,LA LAURITA,GANADERIA
ANTONELLA TORRACA Y OTROS S.H.,SAN JOSE,GANADERIA
ANTONELLA TORRACA Y OTROS S.H.,EL FREDE,GANADERIA
BARDAS BLANCAS S.A.,DON JOSE,GANADERIA
COMINAGRO GANADERA S.A.,MALLIN NEVADO-LOS RURALES-RANCHO GDE.-LA BLANCA,GANADERIA
COMPANIA DE TIERRAS TECKA S.A.,TECKA,GANADERIA
COMPAÑIA DE TIERRAS SUD ARGENTINO SA,ESTANCIA MONTOSO,GANADERIA
CUADRADA PRODUCTIONS S.R.L.,BAJADA DEL RADAL,FRUTICULTURA
CUYEN SRL,CUYEN,FRUTICULTURA
CUYEN SRL ,CHACRA MICUCCI,FRUTICULTURA
EL REZONGO SH,RAGOBET (ANIMAL),GANADERIA
FUHRMANN S.A,LAS VIOLETAS,GANADERIA
FUHRMANN S.A,SOFIA,GANADERIA
FUHRMANN S.A,LA SUSANA,GANADERIA
GALLIA MARCO,SAN JORGE,GANADERIA
GANADERA VALLE HUEMULES S.A.,VALLE HUEMULES,GANADERIA
GARCIA SALVADOR O.,SAN GENARO,GANADERIA
GORDON MARY ANN Y RIBAYA EDUARDO SH,ELVIRA,GANADERIA
GUENGUEL S.R.L.,EL RELINCHO - LINDO PARAJE - EL PICADERO,GANADERIA
HIERBAS PATAGONICAS SRL,LA ASCENSION,FRUTICULTURA
IANNINI S.A.,EL PICHE - SAN AMBROSIO,GANADERIA
JUAN CARLOS PAGASARTUNDUA Y J.N.P SH,LA SALINA - SIERRA FRIA Y LA PELIGROSA,GANADERIA
JUAN MAZQUIARAN E HILDA VERDE SH,CAÑADON TACHO,GANADERIA
LA ALTURA SH,LA ALTURA,GANADERIA
LA ELISITA S.A.,LA ELISITA Y EL CHANGUITO,GANADERIA
"LOPEZ, CLAUDIA BEATRIZ",CBL,FRUTICULTURA
MAMINA SRL,ESTABLECIMIENTO MAMINA,FRUTICULTURA
MAZQUIARAN NELSON,LA ANGELITA (ANIMAL),GANADERIA
MOTTINO CARLOS ANGEL,LOS MANANTIALES (ANIMAL),GANADERIA
PARALELO 42  S.A.,VALLE DEL MEDIO,FRUTICULTURA
PARALELO 42  S.A.,VALLE DEL MEDIO,HORTICULTURA
PUNTA QUIROGA S.A.,DON FRANCISCO,GANADERIA
RAICES PATAGONICAS S.A.,EL MIRABUENO (ANIMAL),GANADERIA
ROSA PATAGONICA S.A.,ROSA PATAGONICA,RECOLECCION SILVESTRE
ROSANA N. PORCU,CAMINO VIEJO,FRUTICULTURA
SCHULZE HERNAN LEO,LAS MELLIZAS Y SECCION LA BUENA FE (ANIMAL),GANADERIA
SORIANO SACIFIA Y DE M,BAHIA BUSTAMANTE,FRUTICULTURA
SUCESORES DE RAMON LORENZO Y OTROS,LA NICOLASA,GANADERIA
TORRES FEDERICO PATRICIO,LAS TIJERAS,GANADERIA
VIÑAS MARIA TERESA,POZO HONDO (ANIMAL),GANADERIA
AGROYATAY S.R.L.,LA MARGARITA,AGRICULTURA
BOTTEGAL JUAN ANGEL Y BOTTEGAL JULIO CESAR S.H.,ZONA DE ISLAS ENTRE RIOS,APICULTURA
CAMAÑO JULIO,SAN ANTONIO,AGRICULTURA
CAMINOS DE JUSTO SA.,CAMINOS DE JUSTO,FRUTICULTURA
CAMINOS DE JUSTO SA.,CAMINOS DE JUSTO,HORTICULTURA
CAMPO MALAMBO S.A.,CAMPO MALAMBO,AGRICULTURA
CAUPOLICAN S.R.L.,LA CATALINA,AGRICULTURA
ECA  SA,LA 83,FRUTICULTURA
ESTANCIA LAGUNA BLANCA S.A.,LAGUNA BLANCA,AGRICULTURA
FIDEICOMISO ARANDANOS DEL HEMISFERIO SUR,FIDEICOMISO ARANDANOS DEL HEMISFERIO SUR,FRUTICULTURA
FIGUEROA BUNGE MARIANO,LA EVANGELINA,AGRICULTURA
FUCHINECO LUIS ALBERTO,ALMA MIA,AGRICULTURA
GRACIA LUZ DON,LA ESMERADA,AGRICULTURA
GUIDOBONO JOSE MARIA,LA URBANA,AGRICULTURA
GUIDOBONO JOSE MARIA,SAN PEDRO,AGRICULTURA
GUILLERMO JAUCK Y HERMANOS SOCIEDAD DE HECHO,MONTEVERDI,AGRICULTURA
GUILLERMO JAUCK Y HERMANOS SOCIEDAD DE HECHO,MEICHTRY,AGRICULTURA
GUILLERMO JAUCK Y HERMANOS SOCIEDAD DE HECHO,LA BLANCA,AGRICULTURA
GUILLERMO JAUCK Y HERMANOS SOCIEDAD DE HECHO,LISFCHITZ,AGRICULTURA
GUILLERMO JAUCK Y HERMANOS SOCIEDAD DE HECHO,EL TAJAMAR,HORTICULTURA
IGFO SA,LA ESPERANZA,FRUTICULTURA
IGFO SA ,EL TRIANGULO,FRUTICULTURA
KUMAGRO S.A.,LA UNION,AGRICULTURA
LA LOMA ALIMENTOS S.A.,EL TALITA,AGRICULTURA
MAGNO S.A.,LAS ACHURAS,AGRICULTURA
MAGNO S.A.,LOTE PLANTA MANTEROS,AGRICULTURA
NEOFARMS S.R.L. / GUIDOBONO JOSE MARIA / CALERO GUILLERMO,LA EMILIA (EX LA PRIMAVERA),AGRICULTURA
"NEOFARMS SRL/GUIDOBONO JOSE MARIA/CALERO GUILLERMO,",POOL CONSORCIO - UNIDAD A,AGRICULTURA
"NEOFARMS SRL/GUIDOBONO JOSE MARIA/CALERO GUILLERMO,",POOL CONSORCIO - UNIDAD B,AGRICULTURA
"NEOFARMS SRL/GUIDOBONO JOSE MARIA/CALERO GUILLERMO,",POOL CONSORCIO - UNIDAD C,AGRICULTURA
"NEOFARMS SRL/GUIDOBONO JOSE MARIA/CALERO GUILLERMO,",POOL CONSORCIO - UNIDAD D,AGRICULTURA
"NEOFARMS SRL/GUIDOBONO JOSE MARIA/CALERO GUILLERMO,",POOL CONSORCIO - UNIDAD E,AGRICULTURA
SALDUNA PEDRO JORGE - SALDUNA PEDRO,SANTA DOMINGA,AGRICULTURA
SOCAS CARLOS MARIA,LA MARMOL - SAN PANCHO,GANADERIA
STIVANELLO JUAN CARLOS,JUAN CARLOS STIVANELLO (FINCA),FRUTICULTURA
STIVANELLO JUAN CARLOS,JUAN CARLOS STIVANELLO (FINCA),HORTICULTURA
TIANA S.A.,TIANA S.A.,AGRICULTURA
WOLFF GUSTAVO ALFREDO,LOS NOGALES,FRUTICULTURA
WOLFF GUSTAVO ALFREDO,LOS NOGALES,HORTICULTURA
CORONEL ALEJANDRO ANIBAL,PURO ALOE,AGRICULTURA
ISLA PUEN SRL,ISLA PUEN,AGRICULTURA
UTE BV S.A.,EL CANADIENSE,FRUTICULTURA
UTE BV S.A.,EL CANADIENSE,HORTICULTURA
ADROVER TRISTAN,FINCA LA ESCONDIDA,AGRICULTURA
ALCONOR S.A.,EL INFANTE,AGRICULTURA
AYNI S.A.,LA COLORADA,AGRICULTURA
BLANCO HUGO ROBERTO,EL VASCO,AGRICULTURA
CAMPO ALEGRE S.A.,FINCA CAMPO ALEGRE,AGRICULTURA
COOPERATIVA DE PRODUCTORES APICOLA DE JUJUY LTDA.,COOPERATIVA DE PRODUCTORES DE MIELES DE JUJUY,APICULTURA
EL OMBU SRL,FINCA FIORINI,AGRICULTURA
EMECINCO S.A.,FINCA LOS PLATANOS,AGRICULTURA
FINCA EL PONGO - HPTAL. ARTURO ZABALA,FINCA EL PONGO,AGRICULTURA
FINCA LAS MERCEDES SRL,FINCA LAS MERCEDES,AGRICULTURA
GARELY S.A.,LOS PUENTES,AGRICULTURA
HAROIAN NELSON EDGARDO,FINCA PAMPA BLANCA,AGRICULTURA
INGENIO LA ESPERANZA S.A.,INGENIO LA ESPERANZA,AGRICULTURA
INKLEMONA DE BALUT ROSA,FINCA LAS PICHANAS,AGRICULTURA
LA PROVIDENCIA SRL,LA PROVIDENCIA,AGRICULTURA
MORALES GUSTAVO ROBERTO,FINCA MORALES,AGRICULTURA
PALMA SOLA FARMS S.R.L,PALMA SOLA,AGRICULTURA
EDCO GRAINS S.A.,SAN JUAN,AGRICULTURA
EL MAITEN S.R.L.,EL ALFILERILLO / EL REMOLINO / DON PEDRO / BARUSO / EL MORRO,APICULTURA
LOS AMIGOS S.H.,DON SERAFIN - EL CARMEL,APICULTURA
"BELLAN, EDGARDO CHARBEL MARIA",LAS TRES MARIAS,FRUTICULTURA
BELLIA JOSE LUIS,AGROVID,FRUTICULTURA
"CAPECE, LORENZO OSVALDO",LA ALBORADA,FRUTICULTURA
CLEAN INVESTMENT SA,EL RETAMO,AGRICULTURA
CLEAN INVESTMENT SA,SAN AMBROSIO Y  DON JESUS,AGRICULTURA
CONCESIONARIA DE FINCAS EL RENUEVO S.A.,FINCAS EL RENUEVO,FRUTICULTURA
CONCESIONARIA DE FINCAS EL RENUEVO S.A.,FINCAS EL RENUEVO,HORTICULTURA
COOPERATIVA VITIVINIFRUTICOLA  LA RIOJANA LTDA.,FINCA CIUDADELA,FRUTICULTURA
COOPERATIVA VITIVINIFRUTICOLA  LA RIOJANA LTDA.,FINCA CIUDADELA II (EXFEDERADA RIOJANA SA),FRUTICULTURA
COOPERATIVA VITIVINIFRUTICOLA  LA RIOJANA LTDA.,PARCELA 12,FRUTICULTURA
COVARRUBIAS SA,COVARRUBIAS,FRUTICULTURA
EMPRENDIMIENTOS DEL NORTE SRL ,FINCA LA ANDALUZA,FRUTICULTURA
FINCA CERES SRL,FINCA CERES (EX-AGRICOLA SAN CAYETANO 3),FRUTICULTURA
FINCA CERES SRL,FINCA CERES (EX-AGRICOLA SAN CAYETANO 6),FRUTICULTURA
FREZZI SACIAG,FINCA FREZZI II,AGRICULTURA
FREZZI SACIAG,FINCA FREZZI,FRUTICULTURA
FUERTE DEL BAÑADO S.A.,FUERTE DEL BAÑADO,AGRICULTURA
"GARROT, CARLOS PEDRO",FINCA SANTA GUALBERTA,FRUTICULTURA
"GONZALEZ RODRIGUEZ, GERMAN",DON BERNABE,FRUTICULTURA
"GONZALEZ, MARIO HERNAN",EX-BERETTA,FRUTICULTURA
"GONZALEZ, MARIO HERNAN",EX-MORENO,FRUTICULTURA
"GONZALEZ, MARIO HERNAN",NUEVA,FRUTICULTURA
INDUSTRIAS QUIMICAS Y MINERAS TIMBO S.A.,FINCA TIMBO RIOJANA,FRUTICULTURA
INDUSTRIAS QUIMICAS Y MINERAS TIMBO S.A.,FINCA TIMBO RIOJANA,HORTICULTURA
"IRIARTE, DANIEL",FINCA LAS ROSAS (IRIARTE),FRUTICULTURA
"LARGUIA, JONAS",FINCA LA NUESTRA,FRUTICULTURA
MAELCA S.A.,LOS RANQUELES,AGRICULTURA
MAELCA SA,LOS CERRILLOS,FRUTICULTURA
MAELCA SA,LOS CERRILLOS,HORTICULTURA
OLIVARES S.A.,OLIVARES S.A.,FRUTICULTURA
OLIVOS ARGENTINOS SA,SANTA FE,FRUTICULTURA
ORO NEGRO S.A.,ORO NEGRO,FRUTICULTURA
"SUELDO GIORGI, LAURA",FINCA MACHIA,FRUTICULTURA
TALAMUYUNA S.A.,TALAMUYUNA,AGRICULTURA
"TROYANO, RUFINO",PARCELA Nº8,FRUTICULTURA
AGROLOSANDES S.A.,AGROLOSANDES,FRUTICULTURA
AGROLOSANDES S.A.,AGROLOSANDES,HORTICULTURA
AGROSAVER S.A.,FINCA LA AGUANDA,FRUTICULTURA
AGROSAVER S.A.,FINCA LA AGUANDA,HORTICULTURA
ALTOS LAS HORMIGAS SAVYC,ALTOS LAS HORMIGAS FINCA,FRUTICULTURA
ARGENTBIO S.R.L.,FINCA EL OLMO,FRUTICULTURA
ARGENTBIO S.R.L.,FINCA EL OLMO,HORTICULTURA
ARTEL INC,EL LUCAS,FRUTICULTURA
ARTEL INC,EL TINCHO,FRUTICULTURA
ASOC. COOP. EEA INTA MENDOZA,ASOCIACION COOPERADORA DE EEA MENDOZA INTA,FRUTICULTURA
ASOC. COOP. EEA INTA MENDOZA,ASOCIACION COOPERADORA DE EEA MENDOZA INTA,HORTICULTURA
AVE MARIA FIDEICOMISO,FINCA AVE MARIA AG,FRUTICULTURA
AVE MARIA FIDEICOMISO,FINCA AVE MARIA B,FRUTICULTURA
BAMENEX S.A.,FINCA DON JOAQUIN,FRUTICULTURA
BAMENEX S.A.,FINCA DON JOAQUIN,HORTICULTURA
BAMENEX S.A.,FINCA EL CARRIZAL,FRUTICULTURA
BAMENEX S.A.,FINCA EL CARRIZAL,HORTICULTURA
BEATRIZ VASQUEZ Y JUAN CARLOS CAMARGO SH,FINCA RINCON DESEADO,FRUTICULTURA
BEATRIZ VASQUEZ Y JUAN CARLOS CAMARGO SH,FINCA RINCON DESEADO,HORTICULTURA
BEAU LIEU S.A.,BEAU LIEU SA,FRUTICULTURA
BENITO Y NORMA PANELLA,FINCA PANELLA Y ANEXO,FRUTICULTURA
BENITO Y NORMA PANELLA,FINCA PANELLA Y ANEXO,HORTICULTURA
BIO AGRICULTORES S.A.,EL VERGEL,FRUTICULTURA
BIO AGRICULTORES S.A.,EL VERGEL,HORTICULTURA
BIO-ARGENTINA S.A.,LA CELESTE,FRUTICULTURA
BLANCO JOSE,UGARTECHE,FRUTICULTURA
"BOCARDO, MARCELO",MARCELO BOCARDO,FRUTICULTURA
BODEGA ARGENTO S.A.,FINCA UGARTECHE,AGRICULTURA
BODEGA ARGENTO S.A.,FINCA ALTAMIRA,FRUTICULTURA
BODEGAS Y VIÑEDOS BENEDETTI SRL,FINCA LAS YEGUITAS,FRUTICULTURA
BODEGAS Y VIÑEDOS BENEDETTI SRL,FINCA LA PAZ,FRUTICULTURA
BODEGAS Y VIÑEDOS BENEDETTI SRL,FINCA LA ISLA,FRUTICULTURA
BODEGAS Y VIÑEDOS BENEDETTI SRL,FINCA MONTECASEROS,FRUTICULTURA
BODEGAS Y VIÑEDOS BENEDETTI SRL,FINCA LOS CAMPAMENTOS,FRUTICULTURA
BODEGAS Y VIÑEDOS V.O.B. S.A.,FINCA AURA (EX BODEGAS Y VIÑEDOS V.O.B.S.A.),FRUTICULTURA
BUONO BENITO ARNALDO,BUONO BENITO ARNALDO,FRUTICULTURA
BUONO BENITO ARNALDO,BUONO BENITO ARNALDO,HORTICULTURA
CAMPAL S.A.,FINCA EL CAMPAL,FRUTICULTURA
CAMPAL S.A.,FINCA EL CAMPAL,HORTICULTURA
CAMPO GRANDE S.A.,ESTANCIA LAS CHACRAS,FRUTICULTURA
CAMPO GRANDE S.A.,ESTANCIA LAS CHACRAS,HORTICULTURA
CAMPOS DE LA COLONIA S.A.,FINCA LAS UVAS,FRUTICULTURA
CAMPOS DE LA COLONIA S.A.,FINCA LAS UVAS,HORTICULTURA
CANTINIAN SA,CANTINIAN,FRUTICULTURA
CAÑA DE CASTILLA SRL,FINCA FABRICA ,AGRICULTURA
CAÑA DE CASTILLA SRL,FINCA IRIGOYEN ,AGRICULTURA
CAÑA DE CASTILLA SRL,FINCA IRIGOYEN FINAL ,AGRICULTURA
CAÑA DE CASTILLA SRL,FINCA LOS ALAMOS ,AGRICULTURA
CAROLINA BENEDETTI,LOS YOLES,FRUTICULTURA
CK Y ASOCIADOS S.A.,FINCA LUNLUNTA,FRUTICULTURA
CK Y ASOCIADOS S.A.,VILLA SECA,FRUTICULTURA
COMPAÑIA AGRICOLA EL RODEO S.A.,FINCA ORGANICA SAN CARLOS,FRUTICULTURA
COMPAÑIA AGRICOLA EL RODEO S.A.,FINCA ORGANICA SAN CARLOS,HORTICULTURA
COMPAÑIA DE AGROSERVICIOS S.A.,DON JORGE,FRUTICULTURA
CUNCO S.A.,FINCA CUNCO,FRUTICULTURA
CUNCO S.A.,FINCA CUNCO,HORTICULTURA
DJALLAD ANA REBECA,LA AMISTAD,FRUTICULTURA
DJALLAD ANA REBECA,LA AMISTAD,HORTICULTURA
DOMAINE JEAN BOUSQUET  S.A.,FINCA MAIPU DELICIAS DE TUPUNGATO SA,FRUTICULTURA
DOMAINE JEAN BOUSQUET  S.A.,FINCA DOMAINE BOUSQUET,FRUTICULTURA
DOMAINE JEAN BOUSQUET  S.A.,FINCA EL ZAMPAL DELICIAS DE TUPUNGATO SA,FRUTICULTURA
EDUARDO Y FABIAN CAMPAGNA SH,LOS CORRALITOS,HORTICULTURA
EL MORO SRL,FINCA DINAMIA,FRUTICULTURA
EMPRESA COMERCIAL EXPORTADORA S.A.,LAS 3 F,FRUTICULTURA
EMPRESA COMERCIAL EXPORTADORA S.A.,CHACRAS DE CORIA,FRUTICULTURA
ESTABLECIMIENTOS VITIVINICOLAS ESCORIHUELA S.A.,ALTAMIRA,FRUTICULTURA
ESTANCIA CASA DE UCO S.A.,ESTANCIA CASA DE UCO,FRUTICULTURA
ESTANCIA CASA DE UCO S.A.,ESTANCIA CASA DE UCO,HORTICULTURA
FIDEICOMISO BAX,FIDEICOMISO BAX,FRUTICULTURA
FIDEICOMISO BAX,FIDEICOMISO BAX,HORTICULTURA
FIDEICOMISO SANTA RITA ,FINCA SANTA RITA,AGRICULTURA
FINCA CONSTANZA SA,FINCA DOÑA CONSTANZA (EX FINCA EL MIRADOR),FRUTICULTURA
FINCA VON WIGSTEIN,FINCA ALPAMANTA,FRUTICULTURA
FRUTIHORTICOLA SAN NICOLAS SA,FRUTIHORTICOLA SAN NICOLAS,FRUTICULTURA
FRUTIHORTICOLA SAN NICOLAS SA,FRUTIHORTICOLA SAN NICOLAS,HORTICULTURA
FRUTOS DE SANTA ROSA S.A.,FINCA BELTRAN,FRUTICULTURA
FRUTOS DE SANTA ROSA S.A.,FRAY LUIS BELTRAN,FRUTICULTURA
FRUTOS DE SANTA ROSA S.A.,SANTA ROSA,FRUTICULTURA
GASPARETTI MAURICIO,EL AGUARIBAY,FRUTICULTURA
GASPARETTI MAURICIO,EL AGUARIBAY,HORTICULTURA
GRUPO PEÑAFLOR SA ,FINCA LA PAZ,FRUTICULTURA
GRUPO PEÑAFLOR SA ,FINCA ALTO VERDE,FRUTICULTURA
GRUPO PEÑAFLOR SA ,FINCA SANTA ROSA,FRUTICULTURA
HAGEN DE MONTERO GUILLERMINA,FINCA MONTERO,FRUTICULTURA
HAGEN DE MONTERO GUILLERMINA,FINCA MONTERO,HORTICULTURA
IZASKUN SA,FINCA CORTESIA,FRUTICULTURA
IZASKUN SA,FINCA CORTESIA,HORTICULTURA
JESUS CARLOS FANTELLI E HIJOS,FINCA BODEGA,FRUTICULTURA
JESUS CARLOS FANTELLI E HIJOS,BETTI,FRUTICULTURA
JESUS CARLOS FANTELLI E HIJOS,AGUSTIN,FRUTICULTURA
LA MARIA DE LOS ARBOLES SRL,LA MARIA DE LOS ARBOLES ,FRUTICULTURA
LA MARIA DE LOS ARBOLES SRL,LA MARIA DE LOS ARBOLES ,HORTICULTURA
LACIENDA SA,LACIENDA,FRUTICULTURA
LACIENDA SA,LACIENDA,HORTICULTURA
LAIANA S.R.L.,LAIANA,FRUTICULTURA
LAS YEGUAS S.A.,LAS YEGUAS,FRUTICULTURA
LAS YEGUAS S.A.,LAS YEGUAS,HORTICULTURA
LIPTOV S.A.,EL RANCHO,FRUTICULTURA
LLIHUE S.A.,FINCA CAYANTA,FRUTICULTURA
LLIHUE S.A.,FINCA LA MAROLINA,FRUTICULTURA
LOS EUCALIPTOS S.A.,FINCA LOS EUCALIPTOS,FRUTICULTURA
LOS EUCALIPTOS S.A.,FINCA LOS EUCALIPTOS,HORTICULTURA
"MASI, TUPUNGATO VIGNETI LA ARBOLEDA SA",MASI VIGNETI LA ARBOLEDA SA,FRUTICULTURA
MIRAVALLES S.A.,E-30686,FRUTICULTURA
MIRAVALLES S.A.,E-30686,HORTICULTURA
MIX S.A.,UVAS DEL DESIERTO,FRUTICULTURA
MONTLAIZ S.R.L.,LA FLOR,FRUTICULTURA
MONTLAIZ S.R.L.,DOÑA LIDIA,FRUTICULTURA
MONTLAIZ S.R.L.,DON HUGO,FRUTICULTURA
NADAL JUAN GUSTAVO,LA AMPARO,FRUTICULTURA
OJO DE VINO SA,OJO DE VINO SA,FRUTICULTURA
OLATE JUAN CARLOS,"MARQUEZ 1 Y 2, MOLLAR 1 Y 2 (GRUPO AP. MALARGÜE)",APICULTURA
OLIVARES DE DON IGNACIO S.A.,LA LIBERTAD,FRUTICULTURA
ORGANIC COSTAFLORES S.A.,FINCA COSTAFLORES,FRUTICULTURA
ORGANIC COSTAFLORES S.A.,FINCA COSTAFLORES,HORTICULTURA
PALUMBO GOTTARDINI CARLOS ROBERTO,ORALIA STATE,FRUTICULTURA
PALUMBO GOTTARDINI CARLOS ROBERTO,ORALIA STATE,HORTICULTURA
PARRA SA,CUARTEL 24 (EX PARRA SA),FRUTICULTURA
PEÑAVID SA,FINCA TRIBUTO,FRUTICULTURA
PROVIVA S.R.L,AGRELO ,FRUTICULTURA
PROVIVA S.R.L.,ALTAMIRA I,FRUTICULTURA
PROVIVA S.R.L.,ALTAMIRA II,FRUTICULTURA
PROVIVA S.R.L.,DRUMMOND,FRUTICULTURA
PUENTE BLANCO S.A.,ESTANCIA EL TAMBILLO,FRUTICULTURA
PUENTE BLANCO S.A.,ESTANCIA EL TAMBILLO,HORTICULTURA
PUENTE BLANCO S.A.,ESTANCIA LOS AMIGOS,FRUTICULTURA
PUENTE BLANCO S.A.,ESTANCIA LOS AMIGOS,HORTICULTURA
PUERTO ANCONA S.A.,VISTA FLORES,FRUTICULTURA
PUERTO ANCONA S.A.,VISTA FLORES,HORTICULTURA
R6 LA GUEVARINA S.A.,R6 LA GUEVARINA,HORTICULTURA
RABIDA ESCOBAR MARIA PAULA,FINCA 2R,FRUTICULTURA
RABIDA ESCOBAR MARIA PAULA,FINCA 2R,HORTICULTURA
S.A. BODEGA ENRIQUE VOLLMER - UCO VALLEY,BODEGAS VOLLMER UCOVALLEY S.A.,FRUTICULTURA
SANCHEZ PEDRO PASCUAL,FINCA LAS PAREDES,FRUTICULTURA
SANCHEZ PEDRO PASCUAL,FINCA LAS PAREDES,HORTICULTURA
SANES S.A.,FINCA LA ULTIMA,FRUTICULTURA
SANES S.A.,FINCA LA ULTIMA,HORTICULTURA
SOLANDES S.A.,SOLANDES,FRUTICULTURA
SOLANDES S.A.,SOLANDES,HORTICULTURA
SONIA Y LILIANA FERRO S.H.,RODRIGUEZ PEÑA,FRUTICULTURA
STAGNITTI ALBERTO,LA MACARENA,FRUTICULTURA
STAGNITTI ALBERTO,LA MACARENA,HORTICULTURA
TACCHINI FABIO,VISTALBA,FRUTICULTURA
TACCHINI FABIO,VISTALBA,HORTICULTURA
TEPEU S.R.L,FINCA MUÑOZ HNOS.,FRUTICULTURA
TEPEU S.R.L,FINCA MUÑOZ HNOS.,HORTICULTURA
THIBAULT LEPOUTRE,FINCA CHACAYES NORTE (EX FINCA CHACAYES),FRUTICULTURA
VAL DE FLORES S.A.,VAL DE FLORES,FRUTICULTURA
VAL DE FLORES S.A.,VAL DE FLORES,HORTICULTURA
VALENCIA MIGUEL,LA SERENA,FRUTICULTURA
VALENCIA MIGUEL,LOS ALAMOS,FRUTICULTURA
VALENCIA MIGUEL,MEDRANO,FRUTICULTURA
"VALENCIA, ROBERTO OSCAR",FINCA VALENCIA,FRUTICULTURA
VALENTIN BIANCHI SACIF ,FINCA ASTI,FRUTICULTURA
VALENTIN BIANCHI SACIF ,FINCA DOÑA ELSA,FRUTICULTURA
VALENTIN BIANCHI SACIF ,FINCA LAS PAREDES,FRUTICULTURA
VILLA ATUEL S.A.,FINCA VILLA ATUEL,AGRICULTURA
VIÑA ESENCIA S.A.,FINCA ALEGRA,FRUTICULTURA
VIÑAS DE ALTO SALVADOR S.A.V.A.I.C,"FINCA ""DOÑA CRISTINA"" (INV E61522)",FRUTICULTURA
VIÑAS DE ALTO SALVADOR S.A.V.A.I.C,"FINCA ""LA SEDE "" (INV F 01047)(EX CENTRAL)",FRUTICULTURA
VIÑAS DE CUYO S.A.,FINCA AGRELO,FRUTICULTURA
VIÑAS DE LUJAN S.R.L.,VIÑAS DE LUJAN,FRUTICULTURA
VIÑAS DE LUJAN S.R.L.,VIÑAS DE LUJAN,HORTICULTURA
VITTORI ROBERTO Y VERONICA S.H.,CASTRO BARRO,FRUTICULTURA
ACOSTA VILMAR,"IFAI - LOTE 1, LOTE 17",AGRICULTURA
ALVARENGA ANTONIO JESUS,IFAI - LOTE 88,AGRICULTURA
ALVARENGA GERONIMO FRANCISCO,IFAI - LOTE 88,AGRICULTURA
ANGER JORGE/JUNIOR FABIAN,IFAI - LOTE 144,AGRICULTURA
ANIAYA HILARIO/ ALBERT,IFAI - LOTE 51,AGRICULTURA
ANIAYA HILARIO/ ANIAYA ALBERT / REIS ROBERTO,IFAI - LOTE 33/34,AGRICULTURA
ANIAYA HILARIO/ALBERT,IFAI - LOTE 15,AGRICULTURA
ANTUNEZ FLORES ANTONIO CARLOS/ QUENSSELL MARCOS/DE MATOS GRISELDA,IFAI - LOTE 26,AGRICULTURA
ARJOL RICARDO ALFREDO / DOMINGUEZ CARLOS ALFREDO,IFAI - LOTE 3 Y 7,AGRICULTURA
BAEZ ANTONIO SIMEON / RODRIGUEZ TERESA / BAEZ OSCAR RAMON,IFAI - LOTE 169 B,AGRICULTURA
BAEZ ESTELA MARI,IVU,FRUTICULTURA
BALSARI EDGARDO ENRIQUE,IFAI - LOTE 77,AGRICULTURA
"BARBARO, MARIO LUCIANO",MARIO BARBARO,AGRICULTURA
BAUMGRATZ ALOISIO,KA´A PORÀ,AGRICULTURA
BECKER CARLOS LUIS,IFAI - LOTE 24,AGRICULTURA
BOGLIOTI JUAN JOSE,IFAI - LOTE 1,AGRICULTURA
BOWALCZUK JESUS RAUL,IFAI - LOTE 11,AGRICULTURA
BUBLITZ CARLOS / LUCAS JOSE / PETRY BLACIO / PETRY JOSE RAFAEL,IFAI - LOTE C,AGRICULTURA
BUNNKOWSKI ELIO MARIO,IFAI - LOTE 115,AGRICULTURA
CARDOZO ARLINDO JESUS / CARDOZO JESUS FELIX,IFAI - LOTE 143,AGRICULTURA
CARDOZO JOSE LUIS,IFAI - LOTE 119 B,AGRICULTURA
CARDOZO RICARDO ROGELIO,IFAI - LOTE 89,AGRICULTURA
CARDOZO RICARDO ROGELIO ,IFAI - LOTE 172,AGRICULTURA
CARRE ANIBAL DANIEL/MACHADO MIRIAM GRACIELA,IFAI - LOTE 16,AGRICULTURA
CARRE EMILIO/ ROJAS LILA AIDHEE / CARRE ULISES RAMON,IFAI - LOTE 4,AGRICULTURA
"CAVIGIOLI, MARIO",CAVIGIOLI MARIO,AGRICULTURA
CHESSANI JORGE / IASINSKI DANIELA LUCIA,IFAI - LOTE 15,AGRICULTURA
CHESSANI MAXIMO,IFAI - LOTE 69,AGRICULTURA
CUATRO CAMINOS S.R.L.,CUATRO CAMINOS,AGRICULTURA
DA CRUZ MANUEL ROSALINO/DA CRUZ JOSE RAMON / DA CRUZ JORGE ARIEL / ROSANA ISABEL / SILVIO ORLANDO,IFAI - LOTE 90 A Y B,AGRICULTURA
DA ROSA CARLOS/ WALTER FERREIRA DA ROSA / DE MATTOS BENITO / DE MATTOS MARIO,IFAI - LOTE 128 A,AGRICULTURA
DA ROSA JOSE DANIEL/RODRIGUEZ EDELMIRA/DA ROSA ALEJANDRA,IFAI - LOTE 7,AGRICULTURA
DA SILVA ARI/JOSE,IFAI - LOTE 72,AGRICULTURA
DALINGER MARGARITA IRENE,IFAI - LOTE 3 D,AGRICULTURA
DE LIMA ANGEL / MARTINEZ EZEQUIEL / SEGOVIA NADIA SOLEDAD,IFAI - LOTE 18-20,AGRICULTURA
DE MIRANDA JUAN FRANCISCO/ DE MIRANDA JOSE FRANCISCO,IFAI - LOTE 173,AGRICULTURA
DE OLIVERA CARLOS ORLANDO,IFAI - LOTE 19,AGRICULTURA
DE OLIVERA CARLOS ORLANDO,IFAI - LOTE 11,AGRICULTURA
DE OLIVERA HECTOR ANDRES/ DA SEQUEIRA SULEMA MABEL,IFAI - LOTE 4,AGRICULTURA
DE OLIVERA HECTOR ELIAS /ADELA KARINA / RODRIGUEZ HILDA ,IFAI - LOTE 10,AGRICULTURA
DE OLIVERA HECTOR ELIAS /ADELA KARINA / RODRIGUEZ HILDA ,IFAI - LOTE 4,AGRICULTURA
DE OLIVERA HUMBERTO / ANIAYA HECTOR,IFAI - LOTE 19,AGRICULTURA
DE OLIVERA VICTOR PLACIDO / ACOSTA CLAUDETTE,IFAI - LOTE 11,AGRICULTURA
DENI ANTONIO / BATIROLLA LUIS PABLO / BATIROLA GUSTAVO,IFAI - LOTE FISCAL,AGRICULTURA
DO SANTOS JUAN RAMON / RAMON,IFAI - LOTE 43,AGRICULTURA
DO SANTOS UBALDO / LUCIA / LUCAS UBALDO DO SANTOS,IFAI - LOTE 150,AGRICULTURA
DO SANTOS UBALDO / LUCIA / LUCAS UBALDO DO SANTOS / DO SANTOS JONATHAN,IFAI - LOTE 139,AGRICULTURA
DORNELES JUAN CARLOS / HOFFMANN MARTINS LAUDELINO,IFAI - LOTE 4 B,AGRICULTURA
DURAN AMBROSIO,IFAI - LOTE 73,AGRICULTURA
DURAN AMBROSIO,IFAI - LOTE 12 Y 7,AGRICULTURA
DURAN AMBROSIO,IFAI - LOTE 44,AGRICULTURA
EICHEMBER EVALDO / CLARA DOCARMO FERNANDEZ,IFAI - LOTE 21,AGRICULTURA
ENGER LIZARDO / RIVERO GLADIS A / AYALA ESILDA ENGER,IFAI - LOTE 148,AGRICULTURA
ENGER LIZARDO LUIS,IFAI - LOTE 176,AGRICULTURA
ENGER LIZARDO LUIS,IFAI - LOTE 152,AGRICULTURA
ENGERS LUCINDO / ENGERS CLOVIS MARCOS,IFAI - LOTE 22,AGRICULTURA
ENRIQUE VICTOR ARRUA,MALCRIADO,AGRICULTURA
ESCARVADOFSKI LIZARDO TOMAS/ CERRI ORESTINA,IFAI - LOTE 1 Y 2,AGRICULTURA
ESCARVADOFSKI LUIS FABIAN,IFAI - LOTE 17/18,AGRICULTURA
ESPINDOLA ALCIMIRO / FLORES MARTA,IFAI - LOTE 103,AGRICULTURA
ESPINDOLA ALCIMIRO / FLORES MARTA,IFAI - LOTE 24 A,AGRICULTURA
FERNANDEZ PEREIRA JOSE / JOSE HECTOR,IFAI - LOTE 94,AGRICULTURA
FERREYRA BLANCA LUCY,IFAI - LOTE 179,AGRICULTURA
FERREYRA LIDIA/ ELIZARDO GABRIEL,IFAI - LOTE 176,AGRICULTURA
FERREYRA LIDIO RAMON/ ELIZARDO GABRIEL / MIRANDA ROSANA BEATRIZ / RIVERO MARIA A. YANINA,IFAI - LOTE 174,AGRICULTURA
FERREYRA LIDIO RAMON/ELIZARDO GABRIEL,IFAI - LOTE 150,AGRICULTURA
FERREYRA LORENZO / FERREYRA ABEL MEDELI,IFAI - LOTE 27,AGRICULTURA
FERREYRA PEDRO,IFAI - LOTE 13,AGRICULTURA
FISHER CLAUDIO ARIEL/ TIERLING RAUL,IFAI - LOTE 8,AGRICULTURA
FUNDACION ALBERTO ROTH,FUNDACION ALBERTO ROTH,AGRICULTURA
GALVAN MARIELA ANDREA,IFAI - LOTE 162-163,AGRICULTURA
GALVAN MARIELA ANDREA,IFAI - LOTE 4,AGRICULTURA
GOMEZ CARLOS RUBEN,IFAI - LOTE 153,AGRICULTURA
GOMEZ HECTOR,IFAI - LOTE 94,AGRICULTURA
GOMEZ ROSALINO/ M. FATIMA DA SILVEIRA,IFAI - LOTE 123,AGRICULTURA
GONZALEZ CLAUDIA/BECKER OSCAR,IFAI - LOTE 36,AGRICULTURA
GONZALEZ MARINO/ GONZALEZ CORNELIO/ GONZALEZ SOLEDAD MARIELA,IFAI - LOTE 99,AGRICULTURA
GONZALEZ OSVALDO MARTIN,IFAI - LOTE 15,AGRICULTURA
GRABARCZUK TERESA/STECIUK NORA ISABEL,IFAI - LOTE 2 A,AGRICULTURA
GROSS VICTOR DANIEL,IFAI - LOTE 8F,AGRICULTURA
GRZVINSKI CLAUDIO / HECTOR JOSE,IFAI - LOTE 35,AGRICULTURA
HARTMANN MARIO / PRESTES LORENA ADRIANA / PRESTES CARLOS DAVID,IFAI - LOTE 69,AGRICULTURA
HARTMANN SIBANO / HARTMANN MAURO,IFAI - LOTE 121-123,AGRICULTURA
HEINZMANN ENRIQUE CRISTIAN,ENRIQUE CRISTIAN HEINZMANN,AGRICULTURA
JAKIMZUK  PEDRO MARCOS,IFAI - LOTE 195,AGRICULTURA
JAKIMZUK LIDIA/ OLIVERA RUBEN,IFAI - LOTE 8,AGRICULTURA
KALISPRENER JORGE RUBEN / SAWISKI MIRTHA GRACIA / KALISPRENER JORGE ANDRES,IFAI - LOTE 30,AGRICULTURA
KAPELINSKI JOSE ESTEBAN/CRISTIAN ARIEL,IFAI - LOTE 17,AGRICULTURA
KLUGE JORGE ALFREDO,IFAI - LOTE 41,AGRICULTURA
KOTH ITATI MARIA EVANGELINA,ROA PIPO,AGRICULTURA
KRAUS S.A.,ESTABLECIMIENTO KRAUS,AGRICULTURA
KREUNING JORGE,IFAI - LOTE 96,AGRICULTURA
KURZNIWSKI GERARDO GERMAN,IFAI - LOTE 11,AGRICULTURA
LA CONDICION S.A.,ISTUETA KM 300,AGRICULTURA
LAS TREINTA S.A.,DOROSZ,AGRICULTURA
LASSER TERESA/ MITTIL JUAN CARLOS  / MITTIL JUAN CARLOS (HIJO),IFAI - LOTE 5,AGRICULTURA
LORENZO YOLANDA /SENIO CRISTIAN SANTIAGO,IFAI - LOTE 237,AGRICULTURA
MACHADO MENDRANA PRADELINO / MACHADO PAULO,IFAI - LOTE 62,AGRICULTURA
MACHADO MIGUEL ANGEL/FERNANDO MIGUEL,IFAI - LOTE 61,AGRICULTURA
MACHADO MIGUEL/SOLIS ELBA BEATRIZ/MACHADO FABIANA,IFAI - LOTE 14 B,AGRICULTURA
MARCELO MANUEL LIMA / MANUEL ALTAMIRO LIMA,IFAI - LOTE 4,AGRICULTURA
MARIANA MAMPAEY,EL HORMIGUERO,AGRICULTURA
MARIANA MAMPAEY,EL HORMIGUERO,HORTICULTURA
MARLANDER JORGE ALFREDO / EZEQUIEL,IFAI - LOTE 7,AGRICULTURA
MARQUEZ JUAN ANDRES,IFAI - LOTE 145,AGRICULTURA
MARTIN JAVIER SALOMON SAAIED,CHACRA ADAMA,AGRICULTURA
MARTIN JAVIER SALOMON SAAIED,CHACRA ADAMA,FRUTICULTURA
MIRANDA CARLOS LEON/MIRANDA HECTOR,IFAI - LOTE 133,AGRICULTURA
MORAES LUCAS,IFAI - LOTE 71 Y SOBRANTE,AGRICULTURA
"MOZZONI, ROBERTO RAMON",ROBERTO MOZZONI,AGRICULTURA
NELCI SANTIAGO / GENESINI HILDA INES,IFAI - LOTE FISCAL,AGRICULTURA
NEVEZ EUSEBIO,IFAI - LOTE 129,AGRICULTURA
NOREMBERG ROSSEMARIE HAIDEE,IFAI - LOTE 8 Y 9,AGRICULTURA
NUÑEZ JUAN AMERICO/MARIA ANGELICA,IFAI - LOTE E,AGRICULTURA
NUÑEZ JUAN BAUTISTA/ GIMENEZ ULISES,IFAI - LOTE B1,AGRICULTURA
NUÑEZ MARCELO RAMON / GARCIA MYRYAM,IFAI - LOTE K1,AGRICULTURA
NUÑEZ MARCELO RAMON /GARCIA MYRIAN,IFAI - LOTE 36,AGRICULTURA
OLEJNIK CARLOS/ESPINDOLA JORGE RAMON,IFAI - LOTE 27 A,AGRICULTURA
OLIVEIRA JORGE / NERI / VIDALVINA PEREYRA ( EX OLIVEIRA VALDIR / JORGE OLIVEIRA / ALFREDO NERI / ALEJANDRO OLIVEIRA),IFAI - LOTE 89,AGRICULTURA
OLIVERA RAMON HECTOR,IFAI - LOTE 43,AGRICULTURA
OLIVERA RAMON HECTOR,IFAI - LOTE 8,AGRICULTURA
OLIVERA RAMON HECTOR / JAKIMZUK OLGA CLAUDIA,IFAI - LOTE 196,AGRICULTURA
OLIVERA ROSA/PALCHICOVSKI SERGIO RAMON,IFAI - LOTE 5,AGRICULTURA
OLIVERA ROSA/PALCHICOVSKI SERGIO RAMON,IFAI - LOTE 6,AGRICULTURA
OLIVERA RUBEN / JAKIMZUK LIDIA / OLIVERA CESAR,IFAI - LOTE 199,AGRICULTURA
OLIVERA RUBEN / JAKIMZUK LIDIA / OLIVERA CESAR,IFAI - LOTE 198,AGRICULTURA
PAEZ DONATO / DE LIMA ELIO,IFAI - LOTE 4 Y 5,AGRICULTURA
PARK ANNA,ANNA PARK,AGRICULTURA
"PAULUK, TEODORO",PAULUK TEODORO,AGRICULTURA
PEREIRA MARIANO LIZARDO,IFAI - LOTE 114,AGRICULTURA
PEREIRA RICARDO,IFAI - LOTE 30,AGRICULTURA
PEREYRA DE RAMOS ABEL/EZEQUIEL,IFAI - LOTE 44,AGRICULTURA
PIEKA ANTONIO / SVIRCZ ELIAS,IFAI - LOTE 21,AGRICULTURA
PORTO CARLOS JAVIER,IFAI - LOTE 28 A,AGRICULTURA
PRICHODA TEODORO BASILIO/ JORGE RICARDO,IFAI - LOTE 10,AGRICULTURA
PRIETTO ANGEL GABRIEL,IFAI - LOTE 19,AGRICULTURA
QUEVEDO LUIS ALBERTO,IFAI - LOTE 29,AGRICULTURA
RAUL LOPEZ/LUCAS LOPEZ,CUARAJU MIMBI,AGRICULTURA
REIS JACINTO / REIS JORGE LUIS / REIS ROBERTO ABEL,IFAI - LOTE 37 B,AGRICULTURA
RIVERO GLADIS ANSELMA,IFAI - LOTE 176,AGRICULTURA
RIVERO JUAN CARLOS,IFAI - LOTE 67,AGRICULTURA
RODRIGUEZ JOSE CARLOS/ ELVIO MARINO ,IFAI - LOTE 17,AGRICULTURA
RODRIGUEZ MIGUEL CEFERINO,IFAI - LOTE H,AGRICULTURA
RODRIGUEZ MIGUEL CEFERINO,IFAI - LOTE 82 /103,AGRICULTURA
ROTTA  JOSE OSCAR/JOSE MARCELO,IFAI - LOTE 79 SUR,AGRICULTURA
RUBEN DARIO HENN,CHACRA DON LUIS,AGRICULTURA
SADI LEIRIA,IFAI - LOTE 165,AGRICULTURA
SAPOZNIK ANTONIO,IFAI - LOTE 1 Y 2,AGRICULTURA
SAVISKI CARLOS FRANCISCO,IFAI - LOTE 39 - 40,AGRICULTURA
SAVISKI ELVIO OSCAR,IFAI - LOTE 29,AGRICULTURA
"SCHERF, ALBERTO",SCHERF ALBERTO,AGRICULTURA
SCHOLLES LUIS OSCAR / JOSE LUIS,IFAI - LOTE 41,AGRICULTURA
SEGOVIA NADIA SOLEDAD / CRUZ MARCELO,IFAI - LOTE 78,AGRICULTURA
SELL JUAN,IFAI - LOTE 65,AGRICULTURA
SEMAINKO JUAN ALBERTO / DANIEL,IFAI - LOTE 54,AGRICULTURA
SENIO CRISTIAN/LORENZO YOLANDA,IFAI - LOTE 231,AGRICULTURA
SILVA ILDEMAR ELIZARDO,IFAI - LOTE 17,AGRICULTURA
SILVEYRA EDUARDO / SEPE FATIMA ISABEL,IFAI - LOTE 87 B,AGRICULTURA
SKRABA JUAN PABLO/SKRABA JUAN GUSTAVO,IFAI - LOTE 9 A,AGRICULTURA
SKUREK FERNANDO ARIEL,DORJE,AGRICULTURA
SMOLA HIPOLITO ABEL / JAKIMERSUK YOLANDA TERESA,IFAI - LOTE 119,AGRICULTURA
"SOLIS JOSE MARIA / ANDREA, GRACIELA",IFAI - LOTE 21,AGRICULTURA
SOLIS LEONEL JOSE/DOWBUZ LILIANA,IFAI - LOTE 20,AGRICULTURA
SOSA DA SILVA JUAN,IFAI - LOTE 61,AGRICULTURA
STECIUK ELIDA TERESITA/ RAEL OMAR DE OLIVERA / PALCZIKONSKI ALBINO,IFAI - LOTE 38-39-40,AGRICULTURA
STECIUK GREGORIO ALEJANDRO,IFAI - LOTE 228,AGRICULTURA
STECIUK MARIO RICARDO / STECIUK ABEL,IFAI - LOTE 233,AGRICULTURA
SUAREZ MARIA NELLI,IFAI - LOTE QTA 13,AGRICULTURA
SUAREZ RAMON OSCAR,IFAI - LOTE 16,AGRICULTURA
SUAREZ RAMON OSCAR / JAVIER OSCAR ,IFAI - LOTE QTA 2,AGRICULTURA
TABAREZ ANSELMO,IFAI - LOTE 12,AGRICULTURA
TAVAREZ CARLOS ANSELMO/ ANSELMO,IFAI - LOTE 18,AGRICULTURA
TAVAREZ RAMON SERGIO / JUAN CARLOS,IFAI - LOTE 12,AGRICULTURA
TRACHUK JOSE JAVIER / TRACHUK JOSE LUIS / TRACHUK EMILIO TEOFILO,IFAI - LOTE 72,AGRICULTURA
TRACHUK JOSE JAVIER / TRACHUK JOSE LUIS / TRACHUK EMILIO TEOFILO,IFAI - LOTE 65,AGRICULTURA
TRINDADES RUBEN ANGEL,IFAI - LOTE 711,AGRICULTURA
TYMCSZYSZYN JULIO DEMETRIO,IFAI - LOTE 520,AGRICULTURA
VALENZUELA TERESA / MAURICIO,IFAI - LOTE 137,AGRICULTURA
VARELA CLAUDIO,EL LAPACHO,FRUTICULTURA
VARELA CLAUDIO,EL LAPACHO,AGRICULTURA
VARGAS PACHECO JOSE CARLOS / DOMINGUEZ NETO ELIO / MACHADO BARCELLOS JOEL / MACHADO ARLINDO,IFAI - LOTE 28,AGRICULTURA
VELAZQUE FERNANDEZ JOSE JULCI/PRETTO ADAN,IFAI - LOTE 14,AGRICULTURA
WAGNER NORBERTO,IFAI - LOTE 49-50,AGRICULTURA
WAIDELICH OTTO,LOS CEDRITOS,GANADERIA
ZANAZZO OMAR / ZANAZZO JUAN CARLOS,IFAI - LOTE 25,AGRICULTURA
"BARTUSCH, ERNESTO",AÑELO,FRUTICULTURA
"BARTUSCH, ERNESTO",FEDERICO (LOTE 92S93N),FRUTICULTURA
"BARTUSCH, ERNESTO",RESIDENCIA (LOTE 161A),FRUTICULTURA
"BARTUSCH, RODOLFO",CASA (LOTE 161B),FRUTICULTURA
"BARTUSCH, RODOLFO",FIDEL (LOTE 154),FRUTICULTURA
"BARTUSCH, RODOLFO",Nº 205 Y Nº 206,FRUTICULTURA
BUWACO S.R.L.,LA NONA,FRUTICULTURA
"CARDENAS, JUANA ROSA",LOTE 160,FRUTICULTURA
"CARDENAS, JUANA ROSA",LOTE 94-1,FRUTICULTURA
"CENTURION, LAURA",DON DIONISIO,FRUTICULTURA
DALLA VILLA ALBERTO RAUL,EL CLAVO,FRUTICULTURA
DELLA GASPERA ALDO,CHACRA 187,FRUTICULTURA
DELLA GASPERA ALDO,CIPOLLETTI,FRUTICULTURA
DELLA GASPERA ALDO,LA CASA,FRUTICULTURA
ESTABLECIMIENTO NICOLAS S.R.L,NICOLAS,FRUTICULTURA
GARCIA MARIO ALBERTO,DON CHICHO,FRUTICULTURA
GARCIA MARIO ALBERTO,GARCIA MARIO,FRUTICULTURA
GONZALEZ ALDO DONATO,GONZALEZ ALDO DONATO,FRUTICULTURA
GURE ECHEA S.R.L,GERNIKA,FRUTICULTURA
ISLAFRUT SRL,ISLA MANZANO,FRUTICULTURA
"JACOBO, FRANCISCO JOSE","JACOBO, FRANCISCO JOSE",FRUTICULTURA
LA DELICIOSA S.A.,BIOPATAGONIA,FRUTICULTURA
LA DELICIOSA S.A.,CHACRA 34 LOTES B Y D,FRUTICULTURA
LA DELICIOSA S.A.,EL ALPATACO,FRUTICULTURA
LA DELICIOSA S.A.,FRUTICOLA PATAGONIA,FRUTICULTURA
LA DELICIOSA S.A.,LA ISLA,FRUTICULTURA
LA DELICIOSA S.A.,AIVEN,FRUTICULTURA
LA DELICIOSA S.A.,DON GREGORIO,FRUTICULTURA
LA DELICIOSA S.A.,DOÑA PEPA,FRUTICULTURA
LA DELICIOSA S.A.,EL CONDOR,FRUTICULTURA
LA DELICIOSA S.A.,LOTES 5B Y 5A,FRUTICULTURA
"MARTIN, OSCAR ALFREDO",EL LUPULAR ORGANICS FARM,FRUTICULTURA
"MONACHESI, ALEJANDRO GABRIEL",LA CRISTINA,FRUTICULTURA
"PAULOVICH, JUAN CARLOS",CHACRA CHINA MUERTA,FRUTICULTURA
R.O.S.T. FRUIT S.A.,CHACRA 2,FRUTICULTURA
"RETAMAL FERNANDEZ, JOSE E.","CHACRA ""EPUYEN""",FRUTICULTURA
SAHORES S.A.,SAHORES S.A.,FRUTICULTURA
"SANCHEZ, DARIO OMAR",LOTE 230 A,FRUTICULTURA
"SANCHEZ, GLADYS MABEL","SANCHEZ, GLADYS MABEL",FRUTICULTURA
SAYIHUE SRL,VISTA ALEGRE,FRUTICULTURA
SERHEN SRL,CHACRA 32,FRUTICULTURA
"STANGAFERRO, SERGIO",CHACRA 82-S,FRUTICULTURA
TECNITERRA SACIA,CHACRA 19,FRUTICULTURA
TECNITERRA SACIA,CHACRA 20,FRUTICULTURA
TECNITERRA SACIA,PICADA 8,FRUTICULTURA
ADRION PAUL,CHACRA HUMUS,GANADERIA
AGRICO.AR S.A.,AGRICO.AR S.A.,FRUTICULTURA
AGRO ROCA SA,LA ESCONDIDA,FRUTICULTURA
AGRO ROCA SA,LA ZAMBA,FRUTICULTURA
AGRONICA S.A.,FORTIN COPAHUE,AGRICULTURA
ANTIGUA SA (EX GARRIDO ROBERTO),CHACRA 145,FRUTICULTURA
ANTONINO MARIA ELENA DE COSTANZI,SANTA ELENA,FRUTICULTURA
"BANCO, HUGO","BANCO, HUGO",FRUTICULTURA
"BARZI, GUILLERMO AMADEO",CHACRA 173,FRUTICULTURA
"BARZI, GUILLERMO AMADEO",CHACRA 186,FRUTICULTURA
BIOVALLE S.A.,CHIMPAY II - LA ISLA,FRUTICULTURA
BIOVALLE S.A.,CURUNDU - BIOVALLE B - SECTOR HORNERO B - HORNERO C Y PUCCINI NORTE,FRUTICULTURA
BODEGA CHACRA S.R.L.,CHACRA 356 LOTE B DON TOMASO,FRUTICULTURA
BODEGA CHACRA S.R.L.,CHACRA 357 LOTE B,FRUTICULTURA
BODEGA NOEMIA DE PATAGONIA SA,BODEGA NOEMIA DE PATAGONIA SA,FRUTICULTURA
BODEGA Y VIÑEDOS PATAGONIA VALLEY S.R.L.,AUGUSTO RIPOLL,FRUTICULTURA
BRASPATAGONIA S.R.L.,BRASPATAGONIA,FRUTICULTURA
CANESSA HNAS,RAYHUAO,GANADERIA
CERES S.A.,ECO-CAÑADON,FRUTICULTURA
COMPAÑIA DE PRODUCCION FRUTIHORTICOLA  SA,BIO CAÑADON COLLETTI,FRUTICULTURA
COMPAÑIA DE PRODUCCION FRUTIHORTICOLA  SA,BUONA MELA,FRUTICULTURA
COMPAÑIA DE TIERRAS SUD ARGENTINO SA,ESTANCIA PILCANIYEU Y SAN PEDRO,GANADERIA
COMPAÑIA GENERAL DE FRUTAS S.A.,ELSA 1 Y 2,FRUTICULTURA
COMPAÑIA GENERAL DE FRUTAS S.A.,HILDA,FRUTICULTURA
COMPAÑIA GENERAL DE FRUTAS S.A.,LOS PERALES,FRUTICULTURA
COMPAÑIA GENERAL DE FRUTAS S.A.,SECCION TERCERA,FRUTICULTURA
COSTA DEL RIO S.A.,CAÑADON I,FRUTICULTURA
COSTANZI CARLOS SILVIO,EL NONO,FRUTICULTURA
COSTANZI EDGARDO MARIO SILVIO,LA COSTA,FRUTICULTURA
"DALLA PRIA, ALBERTO Y EDUARDO S.H.",CHACRA 205,FRUTICULTURA
"DALLA PRIA, ALBERTO Y EDUARDO S.H.",CHACRA 340,FRUTICULTURA
ELOSEGUI HNOS. S.A.,LA INES,FRUTICULTURA
ERICH JUAN  ROSAUER ,COMODATO: ZOILO S.A/ JUAN ERICH ROSAUER,FRUTICULTURA
ESTABLECIMIENTO SANTA MARIA S.R.L.,ESTABLECIMIENTO SANTA MARIA SRL,FRUTICULTURA
ESTABLECIMIENTO SOLEDAD SA,CHACRA Nº 388,FRUTICULTURA
FRESCURAS ORGANICAS PATAGONICAS S.A.,CHACRA CHICHINALES,FRUTICULTURA
FRESCURAS ORGANICAS PATAGONICAS S.A.,CHACRA JOBEL,FRUTICULTURA
FRESCURAS ORGANICAS PATAGONICAS S.A.,CHACRA LAS 50,FRUTICULTURA
FRESCURAS ORGANICAS PATAGONICAS S.A.,CHACRA ABEL,FRUTICULTURA
FRESCURAS ORGANICAS PATAGONICAS S.A.,CHACRA MITRE,FRUTICULTURA
FRESCURAS ORGANICAS PATAGONICAS S.A.,CHACRA MARCELO,FRUTICULTURA
FRESCURAS ORGANICAS PATAGONICAS S.A.,CHACRA RAFIN,FRUTICULTURA
FRUTICULTORES EMPACADORES DE GENERAL ROCA S.A.C.I.A.E I.,CHACRA 215,FRUTICULTURA
FRUTICULTORES EMPACADORES DE GENERAL ROCA S.A.C.I.A.E I.,CHACRA 204,FRUTICULTURA
FRUTICULTORES EMPACADORES DE GENERAL ROCA S.A.C.I.A.E I.,DON PEDRO,FRUTICULTURA
FRUTICULTORES EMPACADORES DE GENERAL ROCA S.A.C.I.A.E I.,LA COSTANERA,FRUTICULTURA
GARCIA MARIA NELIDA,CHACRA 48,FRUTICULTURA
GARCIA MARIA NELIDA,CHACRA 48,HORTICULTURA
GARCIA MARIA NELIDA,PUENTE COLORADO,FRUTICULTURA
GARCIA MARIA NELIDA,PUENTE COLORADO,HORTICULTURA
GARCIA MARIA NELIDA,LOS CIPRESES,FRUTICULTURA
GARCIA MARIA NELIDA,LOS CIPRESES,HORTICULTURA
"GARCIA, JOAQUIN",GARCIA JOAQUIN,FRUTICULTURA
GONZALEZ L. Y RIADIGOS E. S.H.,CHACRA ARROYO CLARO,FRUTICULTURA
GONZALEZ L. Y RIADIGOS E. S.H.,CHACRA ARROYO CLARO,HORTICULTURA
"GREGORI, ROMULO LUIS",CHACRA Nº 197,FRUTICULTURA
HURACAN FRUIT S.R.L.,CHACRA 145E,FRUTICULTURA
ISLAFRUT SRL,ISLAFRUT,FRUTICULTURA
JAVIER LEGASPI,EL CAPRICHO,AGRICULTURA
JAVIER LEGASPI,VILLA MANZANO,AGRICULTURA
JOSE BARRESI S.A.,CHACRA 153 BIS,FRUTICULTURA
JOSE BARRESI S.A.,CHACRA 198 LOTE 5,FRUTICULTURA
LA ANGOSTURA S.R.L.,LA ANGOSTURA,GANADERIA
LA CONQUISTA SRL,LA CONQUISTA,FRUTICULTURA
LABARRIERE JEAN LOUIS,EL GALPON Y EL DESAGÜE,FRUTICULTURA
LAGO VERDE SA,LAGO VERDE,FRUTICULTURA
LAINO HERMANOS S.A.,CHACRA 168,FRUTICULTURA
LAINO HERMANOS S.A.,CHACRA 197,FRUTICULTURA
LAINO HERMANOS S.A.,CHACRA 231,FRUTICULTURA
LAINO HERMANOS S.A.,LA CASONA,FRUTICULTURA
LOZANO S.R.L.,DON DANIEL,FRUTICULTURA
LOZANO S.R.L.,DON ADOLFO,FRUTICULTURA
LUISI ANTONIO,CHACRA N° 258,FRUTICULTURA
LUISI ANTONIO,CHACRA N° 270,FRUTICULTURA
"LUSTIG, SCHOLZ, MANSO Y OTROS",LA VARELA,FRUTICULTURA
